HGNC_ID	Approved_name	Alias
HGNC:1001	BCL6 transcription repressor	ZBTB27
HGNC:1001	BCL6 transcription repressor	BCL6 transcription repressor
HGNC:1001	BCL6 transcription repressor	LAZ3
HGNC:1001	BCL6 transcription repressor	BCL6
HGNC:1001	BCL6 transcription repressor	BCL5
HGNC:1001	BCL6 transcription repressor	BCL6A
HGNC:10061	ring finger protein 2	RING2
HGNC:10061	ring finger protein 2	RING1B
HGNC:10061	ring finger protein 2	HIPI3
HGNC:10061	ring finger protein 2	RNF2
HGNC:10061	ring finger protein 2	DING
HGNC:10061	ring finger protein 2	BAP1
HGNC:10061	ring finger protein 2	BAP-1
HGNC:10061	ring finger protein 2	ring finger protein 2
HGNC:10261	ROS proto-oncogene 1, receptor tyrosine kinase	c-ros-1
HGNC:10261	ROS proto-oncogene 1, receptor tyrosine kinase	ROS
HGNC:10261	ROS proto-oncogene 1, receptor tyrosine kinase	ROS proto-oncogene 1, receptor tyrosine kinase
HGNC:10261	ROS proto-oncogene 1, receptor tyrosine kinase	MCF3
HGNC:10261	ROS proto-oncogene 1, receptor tyrosine kinase	ROS1
HGNC:10471	RUNX family transcription factor 1	PEBP2A2
HGNC:10471	RUNX family transcription factor 1	AMLCR1
HGNC:10471	RUNX family transcription factor 1	RUNX family transcription factor 1
HGNC:10471	RUNX family transcription factor 1	RUNX1
HGNC:10471	RUNX family transcription factor 1	aml1 oncogene
HGNC:10486	S100 calcium binding protein A1	S100 calcium binding protein A1
HGNC:10486	S100 calcium binding protein A1	S100A1
HGNC:10486	S100 calcium binding protein A1	S100-alpha
HGNC:10499	S100 calcium binding protein A9	S100A9
HGNC:10499	S100 calcium binding protein A9	P14
HGNC:10499	S100 calcium binding protein A9	MIF
HGNC:10499	S100 calcium binding protein A9	NIF
HGNC:10499	S100 calcium binding protein A9	LIAG
HGNC:10499	S100 calcium binding protein A9	MRP14
HGNC:10499	S100 calcium binding protein A9	MAC387
HGNC:10499	S100 calcium binding protein A9	60B8AG
HGNC:10499	S100 calcium binding protein A9	CGLB
HGNC:10499	S100 calcium binding protein A9	S100 calcium binding protein A9
HGNC:10504	S100 calcium binding protein P	S100P
HGNC:10504	S100 calcium binding protein P	S100 calcium binding protein P
HGNC:10536	sarcosine dehydrogenase	SARDH
HGNC:10536	sarcosine dehydrogenase	sarcosine dehydrogenase
HGNC:10536	sarcosine dehydrogenase	SDH
HGNC:1060	C-X-C motif chemokine receptor 5	C-X-C motif chemokine receptor 5
HGNC:1060	C-X-C motif chemokine receptor 5	MDR15
HGNC:1060	C-X-C motif chemokine receptor 5	CD185
HGNC:1060	C-X-C motif chemokine receptor 5	CXCR5
HGNC:10639	C-X-C motif chemokine ligand 13	BCA-1
HGNC:10639	C-X-C motif chemokine ligand 13	BLC
HGNC:10639	C-X-C motif chemokine ligand 13	C-X-C motif chemokine ligand 13
HGNC:10639	C-X-C motif chemokine ligand 13	CXCL13
HGNC:10639	C-X-C motif chemokine ligand 13	ANGIE2
HGNC:10639	C-X-C motif chemokine ligand 13	B-cell chemoattractant
HGNC:10639	C-X-C motif chemokine ligand 13	ANGIE
HGNC:10639	C-X-C motif chemokine ligand 13	BLR1L
HGNC:10681	succinate dehydrogenase complex iron sulfur subunit B	succinate dehydrogenase complex iron sulfur subunit B
HGNC:10681	succinate dehydrogenase complex iron sulfur subunit B	SDHB
HGNC:10681	succinate dehydrogenase complex iron sulfur subunit B	succinate dehydrogenase [ubiquinone] iron-sulfur subunit
HGNC:10681	succinate dehydrogenase complex iron sulfur subunit B	iron-sulfur subunit of complex II
HGNC:10691	serine dehydratase	SDS
HGNC:10691	serine dehydratase	SDH
HGNC:10691	serine dehydratase	L-serine ammonia-lyase
HGNC:10691	serine dehydratase	serine dehydratase
HGNC:10718	selectin E	CD62E
HGNC:10718	selectin E	ESEL
HGNC:10718	selectin E	selectin E
HGNC:10718	selectin E	SELE
HGNC:10720	selectin L	hLHRc
HGNC:10720	selectin L	CD62L
HGNC:10720	selectin L	SELL
HGNC:10720	selectin L	PLNHR
HGNC:10720	selectin L	LAM-1
HGNC:10720	selectin L	LSEL
HGNC:10720	selectin L	selectin L
HGNC:10720	selectin L	LAM1
HGNC:10720	selectin L	Lyam-1
HGNC:10720	selectin L	Leu-8
HGNC:10721	selectin P	CD62
HGNC:10721	selectin P	CD62P
HGNC:10721	selectin P	granule membrane protein 140kDa
HGNC:10721	selectin P	selectin P
HGNC:10721	selectin P	antigen CD62
HGNC:10721	selectin P	SELP
HGNC:10721	selectin P	GMP140
HGNC:10721	selectin P	PSEL
HGNC:10721	selectin P	PADGEM
HGNC:10912	solute carrier family 12 member 3	SLC12A3
HGNC:10912	solute carrier family 12 member 3	solute carrier family 12 member 3
HGNC:10912	solute carrier family 12 member 3	NCCT
HGNC:1092	forkhead box L2	FOXL2
HGNC:1092	forkhead box L2	BPES1
HGNC:1092	forkhead box L2	forkhead box L2
HGNC:10966	solute carrier family 22 member 2	SLC22A2
HGNC:10966	solute carrier family 22 member 2	OCT2
HGNC:10966	solute carrier family 22 member 2	solute carrier family 22 member 2
HGNC:10966	solute carrier family 22 member 2	organic cation transporter 2
HGNC:1097	B-Raf proto-oncogene, serine/threonine kinase	BRAF
HGNC:1097	B-Raf proto-oncogene, serine/threonine kinase	B-Raf proto-oncogene, serine/threonine kinase
HGNC:1097	B-Raf proto-oncogene, serine/threonine kinase	BRAF1
HGNC:1100	BRCA1 DNA repair associated	BRCA1
HGNC:1100	BRCA1 DNA repair associated	BRCA1 DNA repair associated
HGNC:1100	BRCA1 DNA repair associated	BRCC1
HGNC:1100	BRCA1 DNA repair associated	PPP1R53
HGNC:1100	BRCA1 DNA repair associated	FANCS
HGNC:1100	BRCA1 DNA repair associated	Fanconi anemia, complementation group S
HGNC:1100	BRCA1 DNA repair associated	BRCA1/BRCA2-containing complex, subunit 1
HGNC:1100	BRCA1 DNA repair associated	protein phosphatase 1, regulatory subunit 53
HGNC:1100	BRCA1 DNA repair associated	RNF53
HGNC:1101	BRCA2 DNA repair associated	BRCC2
HGNC:1101	BRCA2 DNA repair associated	FAD
HGNC:1101	BRCA2 DNA repair associated	FAD1
HGNC:1101	BRCA2 DNA repair associated	BRCA1/BRCA2-containing complex, subunit 2
HGNC:1101	BRCA2 DNA repair associated	BRCA2
HGNC:1101	BRCA2 DNA repair associated	BRCA2 DNA repair associated
HGNC:1101	BRCA2 DNA repair associated	XRCC11
HGNC:11029	solute carrier family 4 member 3	SLC4A3
HGNC:11029	solute carrier family 4 member 3	solute carrier family 4 member 3
HGNC:11029	solute carrier family 4 member 3	Anion exchanger 3, neuronal
HGNC:11029	solute carrier family 4 member 3	SLC2C
HGNC:11029	solute carrier family 4 member 3	AE3
HGNC:11100	SWI/SNF related, matrix associated, actin dependent regulator of chromatin, subfamily a, member 4	nuclear protein GRB1
HGNC:11100	SWI/SNF related, matrix associated, actin dependent regulator of chromatin, subfamily a, member 4	BRG1
HGNC:11100	SWI/SNF related, matrix associated, actin dependent regulator of chromatin, subfamily a, member 4	BAF190
HGNC:11100	SWI/SNF related, matrix associated, actin dependent regulator of chromatin, subfamily a, member 4	SNF2
HGNC:11100	SWI/SNF related, matrix associated, actin dependent regulator of chromatin, subfamily a, member 4	global transcription activator homologous sequence
HGNC:11100	SWI/SNF related, matrix associated, actin dependent regulator of chromatin, subfamily a, member 4	sucrose nonfermenting-like 4
HGNC:11100	SWI/SNF related, matrix associated, actin dependent regulator of chromatin, subfamily a, member 4	mitotic growth and transcription activator
HGNC:11100	SWI/SNF related, matrix associated, actin dependent regulator of chromatin, subfamily a, member 4	SMARCA4
HGNC:11100	SWI/SNF related, matrix associated, actin dependent regulator of chromatin, subfamily a, member 4	BRM/SWI2-related gene 1
HGNC:11100	SWI/SNF related, matrix associated, actin dependent regulator of chromatin, subfamily a, member 4	hSNF2b
HGNC:11100	SWI/SNF related, matrix associated, actin dependent regulator of chromatin, subfamily a, member 4	ATP-dependent helicase SMARCA4
HGNC:11100	SWI/SNF related, matrix associated, actin dependent regulator of chromatin, subfamily a, member 4	FLJ39786
HGNC:11100	SWI/SNF related, matrix associated, actin dependent regulator of chromatin, subfamily a, member 4	brahma protein-like 1
HGNC:11100	SWI/SNF related, matrix associated, actin dependent regulator of chromatin, subfamily a, member 4	SWI2
HGNC:11100	SWI/SNF related, matrix associated, actin dependent regulator of chromatin, subfamily a, member 4	SNF2-like 4
HGNC:11100	SWI/SNF related, matrix associated, actin dependent regulator of chromatin, subfamily a, member 4	SNF2-BETA
HGNC:11100	SWI/SNF related, matrix associated, actin dependent regulator of chromatin, subfamily a, member 4	SNF2LB
HGNC:11100	SWI/SNF related, matrix associated, actin dependent regulator of chromatin, subfamily a, member 4	SWI/SNF related, matrix associated, actin dependent regulator of chromatin, subfamily a, member 4
HGNC:11100	SWI/SNF related, matrix associated, actin dependent regulator of chromatin, subfamily a, member 4	homeotic gene regulator
HGNC:11103	SWI/SNF related, matrix associated, actin dependent regulator of chromatin, subfamily b, member 1	PPP1R144
HGNC:11103	SWI/SNF related, matrix associated, actin dependent regulator of chromatin, subfamily b, member 1	SNF5
HGNC:11103	SWI/SNF related, matrix associated, actin dependent regulator of chromatin, subfamily b, member 1	RDT
HGNC:11103	SWI/SNF related, matrix associated, actin dependent regulator of chromatin, subfamily b, member 1	protein phosphatase 1, regulatory subunit 144
HGNC:11103	SWI/SNF related, matrix associated, actin dependent regulator of chromatin, subfamily b, member 1	SWI/SNF related, matrix associated, actin dependent regulator of chromatin, subfamily b, member 1
HGNC:11103	SWI/SNF related, matrix associated, actin dependent regulator of chromatin, subfamily b, member 1	BAF47
HGNC:11103	SWI/SNF related, matrix associated, actin dependent regulator of chromatin, subfamily b, member 1	integrase interactor 1
HGNC:11103	SWI/SNF related, matrix associated, actin dependent regulator of chromatin, subfamily b, member 1	Ini1
HGNC:11103	SWI/SNF related, matrix associated, actin dependent regulator of chromatin, subfamily b, member 1	sucrose nonfermenting, yeast, homolog-like 1
HGNC:11103	SWI/SNF related, matrix associated, actin dependent regulator of chromatin, subfamily b, member 1	Snr1
HGNC:11103	SWI/SNF related, matrix associated, actin dependent regulator of chromatin, subfamily b, member 1	SMARCB1
HGNC:11103	SWI/SNF related, matrix associated, actin dependent regulator of chromatin, subfamily b, member 1	malignant rhabdoid tumor suppressor
HGNC:11103	SWI/SNF related, matrix associated, actin dependent regulator of chromatin, subfamily b, member 1	hSNFS
HGNC:11103	SWI/SNF related, matrix associated, actin dependent regulator of chromatin, subfamily b, member 1	Sfh1p
HGNC:11110	AT-rich interaction domain 1A	AT-rich interaction domain 1A
HGNC:11110	AT-rich interaction domain 1A	ARID1A
HGNC:11110	AT-rich interaction domain 1A	BAF250
HGNC:11110	AT-rich interaction domain 1A	C10rf4
HGNC:11110	AT-rich interaction domain 1A	P270
HGNC:11110	AT-rich interaction domain 1A	B120
HGNC:11110	AT-rich interaction domain 1A	BAF250a
HGNC:11126	smoothelin	SMTN
HGNC:11126	smoothelin	smoothelin
HGNC:11190	SRY-box transcription factor 10	DOM
HGNC:11190	SRY-box transcription factor 10	WS4
HGNC:11190	SRY-box transcription factor 10	WS2E
HGNC:11190	SRY-box transcription factor 10	SRY-box transcription factor 10
HGNC:11190	SRY-box transcription factor 10	SOX10
HGNC:11190	SRY-box transcription factor 10	dominant megacolon, mouse, human homolog of
HGNC:11191	SRY-box transcription factor 11	SRY-box transcription factor 11
HGNC:11191	SRY-box transcription factor 11	SOX11
HGNC:11191	SRY-box transcription factor 11	SRY-related HMG-box gene 11
HGNC:11195	SRY-box transcription factor 2	SOX2
HGNC:11195	SRY-box transcription factor 2	SRY-box transcription factor 2
HGNC:11204	SRY-box transcription factor 9	SOX9
HGNC:11204	SRY-box transcription factor 9	SRA1
HGNC:11204	SRY-box transcription factor 9	SRY-box transcription factor 9
HGNC:11328	zinc ribbon domain containing 2	zinc ribbon domain containing 2
HGNC:11328	zinc ribbon domain containing 2	ZNRD2
HGNC:11328	zinc ribbon domain containing 2	p27
HGNC:11329	somatostatin	SST
HGNC:11329	somatostatin	SMST
HGNC:11329	somatostatin	somatostatin-14
HGNC:11329	somatostatin	somatostatin-28
HGNC:11329	somatostatin	somatostatin
HGNC:11329	somatostatin	prepro-somatostatin
HGNC:11340	SS18 subunit of BAF chromatin remodeling complex	SYT
HGNC:11340	SS18 subunit of BAF chromatin remodeling complex	SS18 subunit of BAF chromatin remodeling complex
HGNC:11340	SS18 subunit of BAF chromatin remodeling complex	SS18
HGNC:11364	signal transducer and activator of transcription 3	STAT3
HGNC:11364	signal transducer and activator of transcription 3	signal transducer and activator of transcription 3
HGNC:11364	signal transducer and activator of transcription 3	APRF
HGNC:11368	signal transducer and activator of transcription 6	signal transducer and activator of transcription 6
HGNC:11368	signal transducer and activator of transcription 6	STAT6
HGNC:11368	signal transducer and activator of transcription 6	IL-4-STAT
HGNC:11368	signal transducer and activator of transcription 6	D12S1644
HGNC:11506	synaptophysin	synaptophysin
HGNC:11506	synaptophysin	MRX96
HGNC:11506	synaptophysin	SYP
HGNC:11529	epithelial cell adhesion molecule	epithelial cell adhesion molecule
HGNC:11529	epithelial cell adhesion molecule	EGP40
HGNC:11529	epithelial cell adhesion molecule	TROP1
HGNC:11529	epithelial cell adhesion molecule	EGP-2
HGNC:11529	epithelial cell adhesion molecule	Ly74
HGNC:11529	epithelial cell adhesion molecule	EGP34
HGNC:11529	epithelial cell adhesion molecule	GA733-2
HGNC:11529	epithelial cell adhesion molecule	ESA
HGNC:11529	epithelial cell adhesion molecule	EPCAM
HGNC:11529	epithelial cell adhesion molecule	323/A3
HGNC:11529	epithelial cell adhesion molecule	MOC31
HGNC:11529	epithelial cell adhesion molecule	MH99
HGNC:11529	epithelial cell adhesion molecule	MK-1
HGNC:11529	epithelial cell adhesion molecule	CO-17A
HGNC:11529	epithelial cell adhesion molecule	trophoblast cell surface antigen 1
HGNC:11529	epithelial cell adhesion molecule	KS1/4
HGNC:11529	epithelial cell adhesion molecule	17-1A
HGNC:11529	epithelial cell adhesion molecule	Ep-CAM
HGNC:11529	epithelial cell adhesion molecule	HEA125
HGNC:11529	epithelial cell adhesion molecule	KSA
HGNC:11529	epithelial cell adhesion molecule	CD326
HGNC:11529	epithelial cell adhesion molecule	TACST-1
HGNC:11599	T-box transcription factor 21	T-bet
HGNC:11599	T-box transcription factor 21	TBX21
HGNC:11599	T-box transcription factor 21	T-box transcription factor 21
HGNC:11599	T-box transcription factor 21	TBLYM
HGNC:11616	transcription elongation factor A like 1	transcription elongation factor A like 1
HGNC:11616	transcription elongation factor A like 1	P21
HGNC:11616	transcription elongation factor A like 1	SIIR
HGNC:11616	transcription elongation factor A like 1	p21
HGNC:11616	transcription elongation factor A like 1	pp21
HGNC:11616	transcription elongation factor A like 1	TCEAL1
HGNC:11616	transcription elongation factor A like 1	WEX9
HGNC:11634	transcription factor 4	E2-2
HGNC:11634	transcription factor 4	bHLHb19
HGNC:11634	transcription factor 4	ITF2
HGNC:11634	transcription factor 4	SEF2-1B
HGNC:11634	transcription factor 4	transcription factor 4
HGNC:11634	transcription factor 4	TCF4
HGNC:11634	transcription factor 4	immunoglobulin transcription factor 2
HGNC:11634	transcription factor 4	SL3-3 enhancer factor 2
HGNC:11634	transcription factor 4	class B basic helix-loop-helix protein 19
HGNC:11642	zinc finger E-box binding homeobox 1	ZEB1
HGNC:11642	zinc finger E-box binding homeobox 1	NIL-2-A
HGNC:11642	zinc finger E-box binding homeobox 1	BZP
HGNC:11642	zinc finger E-box binding homeobox 1	Zfhep
HGNC:11642	zinc finger E-box binding homeobox 1	FECD6
HGNC:11642	zinc finger E-box binding homeobox 1	Zfhx1a
HGNC:11642	zinc finger E-box binding homeobox 1	zinc finger E-box binding homeobox 1
HGNC:11642	zinc finger E-box binding homeobox 1	ZEB
HGNC:11642	zinc finger E-box binding homeobox 1	AREB6
HGNC:11648	TCL1 family AKT coactivator A	TCL1
HGNC:11648	TCL1 family AKT coactivator A	TCL1 family AKT coactivator A
HGNC:11648	TCL1 family AKT coactivator A	TCL1A
HGNC:11730	telomerase reverse transcriptase	TRT
HGNC:11730	telomerase reverse transcriptase	TP2
HGNC:11730	telomerase reverse transcriptase	TCS1
HGNC:11730	telomerase reverse transcriptase	hEST2
HGNC:11730	telomerase reverse transcriptase	telomerase reverse transcriptase
HGNC:11730	telomerase reverse transcriptase	EST2
HGNC:11730	telomerase reverse transcriptase	TERT
HGNC:11752	transcription factor binding to IGHM enhancer 3	TFEA
HGNC:11752	transcription factor binding to IGHM enhancer 3	bHLHe33
HGNC:11752	transcription factor binding to IGHM enhancer 3	transcription factor binding to IGHM enhancer 3
HGNC:11752	transcription factor binding to IGHM enhancer 3	TFE3
HGNC:11755	trefoil factor 1	HP1.A
HGNC:11755	trefoil factor 1	pNR-2
HGNC:11755	trefoil factor 1	pS2
HGNC:11755	trefoil factor 1	HPS2
HGNC:11755	trefoil factor 1	trefoil factor 1
HGNC:11755	trefoil factor 1	TFF1
HGNC:11755	trefoil factor 1	D21S21
HGNC:11764	thyroglobulin	TGN
HGNC:11764	thyroglobulin	thyroglobulin
HGNC:11764	thyroglobulin	TG
HGNC:11764	thyroglobulin	AITD3
HGNC:11784	thrombomodulin	thrombomodulin
HGNC:11784	thrombomodulin	CD141
HGNC:11784	thrombomodulin	THBD
HGNC:11802	TIA1 cytotoxic granule associated RNA binding protein	TIA1 cytotoxic granule associated RNA binding protein
HGNC:11802	TIA1 cytotoxic granule associated RNA binding protein	nucleolysin TIA-1 isoform p40
HGNC:11802	TIA1 cytotoxic granule associated RNA binding protein	TIA-1
HGNC:11802	TIA1 cytotoxic granule associated RNA binding protein	T-cell-restricted intracellular antigen-1
HGNC:11802	TIA1 cytotoxic granule associated RNA binding protein	TIA1
HGNC:11825	NK2 homeobox 1	NKX2-1
HGNC:11825	NK2 homeobox 1	TTF-1
HGNC:11825	NK2 homeobox 1	TTF1
HGNC:11825	NK2 homeobox 1	NK2 homeobox 1
HGNC:11827	tight junction protein 1	zona occludens 1
HGNC:11827	tight junction protein 1	ZO-1
HGNC:11827	tight junction protein 1	tight junction protein ZO-1
HGNC:11827	tight junction protein 1	MGC133289
HGNC:11827	tight junction protein 1	TJP1
HGNC:11827	tight junction protein 1	tight junction protein 1
HGNC:11827	tight junction protein 1	DKFZp686M05161
HGNC:11837	TLE family member 1, transcriptional corepressor	ESG
HGNC:11837	TLE family member 1, transcriptional corepressor	ESG1
HGNC:11837	TLE family member 1, transcriptional corepressor	enhancer of split groucho 1
HGNC:11837	TLE family member 1, transcriptional corepressor	TLE family member 1, transcriptional corepressor
HGNC:11837	TLE family member 1, transcriptional corepressor	TLE1
HGNC:11837	TLE family member 1, transcriptional corepressor	GRG1
HGNC:11839	TLE family member 3, transcriptional corepressor	ESG3
HGNC:11839	TLE family member 3, transcriptional corepressor	GRG3
HGNC:11839	TLE family member 3, transcriptional corepressor	TLE3
HGNC:11839	TLE family member 3, transcriptional corepressor	ESG
HGNC:11839	TLE family member 3, transcriptional corepressor	KIAA1547
HGNC:11839	TLE family member 3, transcriptional corepressor	HsT18976
HGNC:11839	TLE family member 3, transcriptional corepressor	TLE family member 3, transcriptional corepressor
HGNC:11892	tumor necrosis factor	TNF superfamily, member 2
HGNC:11892	tumor necrosis factor	DIF
HGNC:11892	tumor necrosis factor	TNFSF2
HGNC:11892	tumor necrosis factor	TNF-alpha
HGNC:11892	tumor necrosis factor	TNF
HGNC:11892	tumor necrosis factor	tumor necrosis factor
HGNC:11914	TNF receptor superfamily member 18	CD357
HGNC:11914	TNF receptor superfamily member 18	GITR
HGNC:11914	TNF receptor superfamily member 18	AITR
HGNC:11914	TNF receptor superfamily member 18	TNFRSF18
HGNC:11914	TNF receptor superfamily member 18	TNF receptor superfamily member 18
HGNC:11935	CD40 ligand	CD40 ligand
HGNC:11935	CD40 ligand	CD40 antigen ligand
HGNC:11935	CD40 ligand	tumor necrosis factor (ligand) superfamily member 5
HGNC:11935	CD40 ligand	T-B cell-activating molecule
HGNC:11935	CD40 ligand	TNF-related activation protein
HGNC:11935	CD40 ligand	CD40L
HGNC:11935	CD40 ligand	hyper-IgM syndrome
HGNC:11935	CD40 ligand	TRAP
HGNC:11935	CD40 ligand	gp39
HGNC:11935	CD40 ligand	hCD40L
HGNC:11935	CD40 ligand	CD154
HGNC:11935	CD40 ligand	CD40LG
HGNC:11989	DNA topoisomerase II alpha	TOP2A
HGNC:11989	DNA topoisomerase II alpha	DNA topoisomerase II alpha
HGNC:11998	tumor protein p53	TP53
HGNC:11998	tumor protein p53	tumor protein p53
HGNC:11998	tumor protein p53	Li-Fraumeni syndrome
HGNC:11998	tumor protein p53	p53
HGNC:11998	tumor protein p53	LFS1
HGNC:12397	transcription termination factor 1	transcription termination factor 1
HGNC:12397	transcription termination factor 1	TTF1
HGNC:124	acid phosphatase 5, tartrate resistant	acid phosphatase 5, tartrate resistant
HGNC:124	acid phosphatase 5, tartrate resistant	TRAP
HGNC:124	acid phosphatase 5, tartrate resistant	tartrate-resistant acid phosphatase
HGNC:124	acid phosphatase 5, tartrate resistant	ACP5
HGNC:124	acid phosphatase 5, tartrate resistant	HPAP
HGNC:124	acid phosphatase 5, tartrate resistant	human purple acid phosphatase
HGNC:12442	tyrosinase	OCA1A
HGNC:12442	tyrosinase	oculocutaneous albinism IA
HGNC:12442	tyrosinase	tyrosinase
HGNC:12442	tyrosinase	TYR
HGNC:12442	tyrosinase	OCA1
HGNC:12442	tyrosinase	OCAIA
HGNC:125	acid phosphatase 3	prostatic acid phosphatase
HGNC:125	acid phosphatase 3	acid phosphatase 3
HGNC:125	acid phosphatase 3	ACP-3
HGNC:125	acid phosphatase 3	PAP
HGNC:125	acid phosphatase 3	TM-PAP
HGNC:125	acid phosphatase 3	ACP3
HGNC:12663	vascular cell adhesion molecule 1	VCAM1
HGNC:12663	vascular cell adhesion molecule 1	CD106
HGNC:12663	vascular cell adhesion molecule 1	vascular cell adhesion molecule 1
HGNC:12687	von Hippel-Lindau tumor suppressor	VHL
HGNC:12687	von Hippel-Lindau tumor suppressor	VHL1
HGNC:12687	von Hippel-Lindau tumor suppressor	von Hippel-Lindau tumor suppressor
HGNC:12692	vimentin	vimentin
HGNC:12692	vimentin	VIM
HGNC:12726	von Willebrand factor	VWF
HGNC:12726	von Willebrand factor	von Willebrand factor
HGNC:1273	glutamine amidotransferase like class 1 domain containing 3A	ES1
HGNC:1273	glutamine amidotransferase like class 1 domain containing 3A	KNPI
HGNC:1273	glutamine amidotransferase like class 1 domain containing 3A	D21S2048E
HGNC:1273	glutamine amidotransferase like class 1 domain containing 3A	HES1
HGNC:1273	glutamine amidotransferase like class 1 domain containing 3A	GT335
HGNC:1273	glutamine amidotransferase like class 1 domain containing 3A	KNP-Ia
HGNC:1273	glutamine amidotransferase like class 1 domain containing 3A	KNPH
HGNC:1273	glutamine amidotransferase like class 1 domain containing 3A	GATD3A
HGNC:1273	glutamine amidotransferase like class 1 domain containing 3A	glutamine amidotransferase like class 1 domain containing 3A
HGNC:1273	glutamine amidotransferase like class 1 domain containing 3A	ES1 protein homolog
HGNC:1273	glutamine amidotransferase like class 1 domain containing 3A	KNP-I
HGNC:12796	WT1 transcription factor	NPHS4
HGNC:12796	WT1 transcription factor	WT1 transcription factor
HGNC:12796	WT1 transcription factor	AWT1
HGNC:12796	WT1 transcription factor	WIT-2
HGNC:12796	WT1 transcription factor	WT1
HGNC:12796	WT1 transcription factor	WAGR
HGNC:12825	exportin 1	XPO1
HGNC:12825	exportin 1	emb
HGNC:12825	exportin 1	CRM1
HGNC:12825	exportin 1	CRM-1
HGNC:12825	exportin 1	exportin 1
HGNC:12825	exportin 1	chromosome region maintenance 1 homolog (yeast)
HGNC:12833	X-ray repair cross complementing 5	Ku autoantigen, 80kDa
HGNC:12833	X-ray repair cross complementing 5	X-ray repair cross complementing 5
HGNC:12833	X-ray repair cross complementing 5	KUB2
HGNC:12833	X-ray repair cross complementing 5	XRCC5
HGNC:12833	X-ray repair cross complementing 5	KU80
HGNC:12833	X-ray repair cross complementing 5	KARP-1
HGNC:12833	X-ray repair cross complementing 5	Ku86
HGNC:12858	zeta chain of T cell receptor associated protein kinase 70	ZAP-70
HGNC:12858	zeta chain of T cell receptor associated protein kinase 70	zeta chain of T cell receptor associated protein kinase 70
HGNC:12858	zeta chain of T cell receptor associated protein kinase 70	tyrosine-protein kinase ZAP-70
HGNC:12858	zeta chain of T cell receptor associated protein kinase 70	ZAP70
HGNC:12858	zeta chain of T cell receptor associated protein kinase 70	STD
HGNC:12950	splicing factor 1	ZFM1
HGNC:12950	splicing factor 1	ZCCHC25
HGNC:12950	splicing factor 1	splicing factor 1
HGNC:12950	splicing factor 1	SF1
HGNC:13469	TNF receptor superfamily member 21	CD358
HGNC:13469	TNF receptor superfamily member 21	DR6
HGNC:13469	TNF receptor superfamily member 21	TNF receptor superfamily member 21
HGNC:13469	TNF receptor superfamily member 21	death receptor 6
HGNC:13469	TNF receptor superfamily member 21	TNFRSF21
HGNC:14099	CCR4-NOT transcription complex subunit 6	CCR4-NOT transcription complex subunit 6
HGNC:14099	CCR4-NOT transcription complex subunit 6	CNOT6
HGNC:14099	CCR4-NOT transcription complex subunit 6	CCR4
HGNC:14099	CCR4-NOT transcription complex subunit 6	Ccr4a
HGNC:14099	CCR4-NOT transcription complex subunit 6	KIAA1194
HGNC:14372	SCY1 like pseudokinase 1	HT019
HGNC:14372	SCY1 like pseudokinase 1	telomerase transcriptional elements-interacting factor
HGNC:14372	SCY1 like pseudokinase 1	SCYL1
HGNC:14372	SCY1 like pseudokinase 1	P105
HGNC:14372	SCY1 like pseudokinase 1	GKLP
HGNC:14372	SCY1 like pseudokinase 1	MGC78454
HGNC:14372	SCY1 like pseudokinase 1	TEIF
HGNC:14372	SCY1 like pseudokinase 1	TAPK
HGNC:14372	SCY1 like pseudokinase 1	TRAP
HGNC:14372	SCY1 like pseudokinase 1	telomerase regulation-associated protein
HGNC:14372	SCY1 like pseudokinase 1	NKTL
HGNC:14372	SCY1 like pseudokinase 1	teratoma-associated tyrosine kinase
HGNC:14372	SCY1 like pseudokinase 1	SCY1 like pseudokinase 1
HGNC:14497	IMP U3 small nucleolar ribonucleoprotein 3	IMP3
HGNC:14497	IMP U3 small nucleolar ribonucleoprotein 3	IMP U3 small nucleolar ribonucleoprotein 3
HGNC:14497	IMP U3 small nucleolar ribonucleoprotein 3	FLJ10968
HGNC:14497	IMP U3 small nucleolar ribonucleoprotein 3	BRMS2
HGNC:14587	inhibitor of growth family member 3	MEAF4
HGNC:14587	inhibitor of growth family member 3	ING3
HGNC:14587	inhibitor of growth family member 3	inhibitor of growth family member 3
HGNC:14587	inhibitor of growth family member 3	FLJ20089
HGNC:14587	inhibitor of growth family member 3	Eaf4
HGNC:14587	inhibitor of growth family member 3	p47ING3
HGNC:14634	PDGFA associated protein 1	PDAP1
HGNC:14634	PDGFA associated protein 1	PDGFA associated protein 1
HGNC:14634	PDGFA associated protein 1	PDGF associated protein
HGNC:14634	PDGFA associated protein 1	HASPP28
HGNC:14634	PDGFA associated protein 1	PAP
HGNC:14634	PDGFA associated protein 1	PAP1
HGNC:14665	retrotransposon Gag like 1	retrotransposon Gag like 1
HGNC:14665	retrotransposon Gag like 1	Sushi-Ichi retrotransposon homolog 2
HGNC:14665	retrotransposon Gag like 1	mammalian retrotransposon-derived 1
HGNC:14665	retrotransposon Gag like 1	paternally expressed 11
HGNC:14665	retrotransposon Gag like 1	PEG11
HGNC:14665	retrotransposon Gag like 1	Mar1
HGNC:14665	retrotransposon Gag like 1	SIRH2
HGNC:14665	retrotransposon Gag like 1	MART1
HGNC:14665	retrotransposon Gag like 1	HUR1
HGNC:14665	retrotransposon Gag like 1	RTL1
HGNC:14981	poly(A) polymerase alpha	poly(A) polymerase alpha
HGNC:14981	poly(A) polymerase alpha	PAPOLA
HGNC:14981	poly(A) polymerase alpha	PAP
HGNC:15531	EBNA1 binding protein 2	NOBP
HGNC:15531	EBNA1 binding protein 2	EBNA1BP2
HGNC:15531	EBNA1 binding protein 2	P40
HGNC:15531	EBNA1 binding protein 2	EBP2
HGNC:15531	EBNA1 binding protein 2	EBNA1 binding protein 2
HGNC:15582	mucin 16, cell surface associated	mucin 16, cell surface associated
HGNC:15582	mucin 16, cell surface associated	FLJ14303
HGNC:15582	mucin 16, cell surface associated	CA125
HGNC:15582	mucin 16, cell surface associated	MUC16
HGNC:1565	atypical chemokine receptor 2	ACKR2
HGNC:1565	atypical chemokine receptor 2	atypical chemokine receptor 2
HGNC:1565	atypical chemokine receptor 2	D6
HGNC:1565	atypical chemokine receptor 2	CCR10
HGNC:1565	atypical chemokine receptor 2	CCR9
HGNC:1582	cyclin D1	cyclin D1
HGNC:1582	cyclin D1	G1/S-specific cyclin D1
HGNC:1582	cyclin D1	CCND1
HGNC:1582	cyclin D1	B-cell CLL/lymphoma 1
HGNC:1582	cyclin D1	U21B31
HGNC:1582	cyclin D1	parathyroid adenomatosis 1
HGNC:15924	spalt like transcription factor 4	ZNF797
HGNC:15924	spalt like transcription factor 4	SALL4
HGNC:15924	spalt like transcription factor 4	dJ1112F19.1
HGNC:15924	spalt like transcription factor 4	spalt like transcription factor 4
HGNC:15939	WAP four-disulfide core domain 2	epididymal protein 4
HGNC:15939	WAP four-disulfide core domain 2	WAP four-disulfide core domain 2
HGNC:15939	WAP four-disulfide core domain 2	HE4
HGNC:15939	WAP four-disulfide core domain 2	EDDM4
HGNC:15939	WAP four-disulfide core domain 2	WFDC2
HGNC:15939	WAP four-disulfide core domain 2	WAP5
HGNC:15939	WAP four-disulfide core domain 2	dJ461P17.6
HGNC:15979	tumor protein p63	tumor protein p63
HGNC:15979	tumor protein p63	p63
HGNC:15979	tumor protein p63	EEC3
HGNC:15979	tumor protein p63	KET
HGNC:15979	tumor protein p63	p51
HGNC:15979	tumor protein p63	p53CP
HGNC:15979	tumor protein p63	NBP
HGNC:15979	tumor protein p63	p73H
HGNC:15979	tumor protein p63	p73L
HGNC:15979	tumor protein p63	OFC8
HGNC:15979	tumor protein p63	TP63
HGNC:15979	tumor protein p63	SHFM4
HGNC:1602	C-C motif chemokine receptor 1	C-C motif chemokine receptor 1
HGNC:1602	C-C motif chemokine receptor 1	CCR1
HGNC:1602	C-C motif chemokine receptor 1	CD191
HGNC:1602	C-C motif chemokine receptor 1	MIP1aR
HGNC:1602	C-C motif chemokine receptor 1	CKR-1
HGNC:1603	C-C motif chemokine receptor 2	C-C motif chemokine receptor 2
HGNC:1603	C-C motif chemokine receptor 2	CCR2
HGNC:1603	C-C motif chemokine receptor 2	CC-CKR-2
HGNC:1603	C-C motif chemokine receptor 2	CKR2
HGNC:1603	C-C motif chemokine receptor 2	MCP-1-R
HGNC:1603	C-C motif chemokine receptor 2	CD192
HGNC:1603	C-C motif chemokine receptor 2	FLJ78302
HGNC:1604	C-C motif chemokine receptor 3	CCR3
HGNC:1604	C-C motif chemokine receptor 3	CC-CKR-3
HGNC:1604	C-C motif chemokine receptor 3	CKR3
HGNC:1604	C-C motif chemokine receptor 3	CD193
HGNC:1604	C-C motif chemokine receptor 3	C-C motif chemokine receptor 3
HGNC:1605	C-C motif chemokine receptor 4	C-C motif chemokine receptor 4
HGNC:1605	C-C motif chemokine receptor 4	ChemR13
HGNC:1605	C-C motif chemokine receptor 4	CCR4
HGNC:1605	C-C motif chemokine receptor 4	CD194
HGNC:1605	C-C motif chemokine receptor 4	CKR4
HGNC:1605	C-C motif chemokine receptor 4	CC-CKR-4
HGNC:1605	C-C motif chemokine receptor 4	CMKBR4
HGNC:1605	C-C motif chemokine receptor 4	k5-5
HGNC:1606	C-C motif chemokine receptor 5	CD195
HGNC:1606	C-C motif chemokine receptor 5	CCR5
HGNC:1606	C-C motif chemokine receptor 5	CC-CKR-5
HGNC:1606	C-C motif chemokine receptor 5	IDDM22
HGNC:1606	C-C motif chemokine receptor 5	C-C motif chemokine receptor 5
HGNC:1606	C-C motif chemokine receptor 5	CKR-5
HGNC:1606	C-C motif chemokine receptor 5	CKR5
HGNC:1607	C-C motif chemokine receptor 6	DRY-6
HGNC:1607	C-C motif chemokine receptor 6	BN-1
HGNC:1607	C-C motif chemokine receptor 6	CD196
HGNC:1607	C-C motif chemokine receptor 6	CMKBR6
HGNC:1607	C-C motif chemokine receptor 6	GPR-CY4
HGNC:1607	C-C motif chemokine receptor 6	CKR-L3
HGNC:1607	C-C motif chemokine receptor 6	CCR6
HGNC:1607	C-C motif chemokine receptor 6	DCR2
HGNC:1607	C-C motif chemokine receptor 6	GPR29
HGNC:1607	C-C motif chemokine receptor 6	C-C motif chemokine receptor 6
HGNC:1608	C-C motif chemokine receptor 7	CCR7
HGNC:1608	C-C motif chemokine receptor 7	BLR2
HGNC:1608	C-C motif chemokine receptor 7	CDw197
HGNC:1608	C-C motif chemokine receptor 7	CD197
HGNC:1608	C-C motif chemokine receptor 7	C-C motif chemokine receptor 7
HGNC:1609	C-C motif chemokine receptor 8	CKR-L1
HGNC:1609	C-C motif chemokine receptor 8	CDw198
HGNC:1609	C-C motif chemokine receptor 8	GPR-CY6
HGNC:1609	C-C motif chemokine receptor 8	CCR8
HGNC:1609	C-C motif chemokine receptor 8	C-C motif chemokine receptor 8
HGNC:1609	C-C motif chemokine receptor 8	TER1
HGNC:1609	C-C motif chemokine receptor 8	CY6
HGNC:1610	C-C motif chemokine receptor 9	CCR9
HGNC:1610	C-C motif chemokine receptor 9	GPR-9-6
HGNC:1610	C-C motif chemokine receptor 9	C-C motif chemokine receptor 9
HGNC:1610	C-C motif chemokine receptor 9	CDw199
HGNC:16262	Yes1 associated transcriptional regulator	YAP1
HGNC:16262	Yes1 associated transcriptional regulator	Yes1 associated transcriptional regulator
HGNC:16262	Yes1 associated transcriptional regulator	YAP65
HGNC:16452	chorionic gonadotropin subunit beta 5	CGB5
HGNC:16452	chorionic gonadotropin subunit beta 5	HCG
HGNC:16452	chorionic gonadotropin subunit beta 5	chorionic gonadotropin subunit beta 5
HGNC:16672	methionyl aminopeptidase 2	methionyl aminopeptidase 2
HGNC:16672	methionyl aminopeptidase 2	MAP2
HGNC:16672	methionyl aminopeptidase 2	p67
HGNC:16672	methionyl aminopeptidase 2	MNPEP
HGNC:16672	methionyl aminopeptidase 2	METAP2
HGNC:16672	methionyl aminopeptidase 2	Peptidase M
HGNC:16991	cytoskeleton associated protein 4	ERGIC-63
HGNC:16991	cytoskeleton associated protein 4	CKAP4
HGNC:16991	cytoskeleton associated protein 4	P63
HGNC:16991	cytoskeleton associated protein 4	CLIMP-63
HGNC:16991	cytoskeleton associated protein 4	cytoskeleton associated protein 4
HGNC:17034	tumor suppressor 2, mitochondrial calcium regulator	C3orf11
HGNC:17034	tumor suppressor 2, mitochondrial calcium regulator	FUS1
HGNC:17034	tumor suppressor 2, mitochondrial calcium regulator	PAP
HGNC:17034	tumor suppressor 2, mitochondrial calcium regulator	TUSC2
HGNC:17034	tumor suppressor 2, mitochondrial calcium regulator	tumor suppressor 2, mitochondrial calcium regulator
HGNC:17098	dicer 1, ribonuclease III	K12H4.8-LIKE
HGNC:17098	dicer 1, ribonuclease III	HERNA
HGNC:17098	dicer 1, ribonuclease III	KIAA0928
HGNC:17098	dicer 1, ribonuclease III	dicer 1, double-stranded RNA-specific endoribonuclease
HGNC:17098	dicer 1, ribonuclease III	DICER1
HGNC:17098	dicer 1, ribonuclease III	Dicer
HGNC:17098	dicer 1, ribonuclease III	dicer 1, ribonuclease III
HGNC:1756	cadherin 17	HPT-1
HGNC:1756	cadherin 17	cadherin 17
HGNC:1756	cadherin 17	cadherin
HGNC:1756	cadherin 17	CDH17
HGNC:17586	mitochondrial carrier 1	PSAP
HGNC:17586	mitochondrial carrier 1	MTCH1
HGNC:17586	mitochondrial carrier 1	SLC25A49
HGNC:17586	mitochondrial carrier 1	solute carrier family 25, member 49
HGNC:17586	mitochondrial carrier 1	mitochondrial carrier 1
HGNC:17586	mitochondrial carrier 1	CGI-64
HGNC:1773	cyclin dependent kinase 4	CDK4
HGNC:1773	cyclin dependent kinase 4	cyclin dependent kinase 4
HGNC:1773	cyclin dependent kinase 4	PSK-J3
HGNC:17760	triggering receptor expressed on myeloid cells 1	TREM-1
HGNC:17760	triggering receptor expressed on myeloid cells 1	triggering receptor expressed on myeloid cells 1
HGNC:17760	triggering receptor expressed on myeloid cells 1	CD354
HGNC:17760	triggering receptor expressed on myeloid cells 1	TREM1
HGNC:1784	cyclin dependent kinase inhibitor 1A	CAP20
HGNC:1784	cyclin dependent kinase inhibitor 1A	CDKN1A
HGNC:1784	cyclin dependent kinase inhibitor 1A	cyclin dependent kinase inhibitor 1A
HGNC:1784	cyclin dependent kinase inhibitor 1A	p21CIP1
HGNC:1784	cyclin dependent kinase inhibitor 1A	p21
HGNC:1784	cyclin dependent kinase inhibitor 1A	P21
HGNC:1784	cyclin dependent kinase inhibitor 1A	CIP1
HGNC:1784	cyclin dependent kinase inhibitor 1A	WAF1
HGNC:1784	cyclin dependent kinase inhibitor 1A	p21Cip1/Waf1
HGNC:1784	cyclin dependent kinase inhibitor 1A	SDI1
HGNC:1785	cyclin dependent kinase inhibitor 1B	cyclin dependent kinase inhibitor 1B
HGNC:1785	cyclin dependent kinase inhibitor 1B	KIP1
HGNC:1785	cyclin dependent kinase inhibitor 1B	P27KIP1
HGNC:1785	cyclin dependent kinase inhibitor 1B	CDKN1B
HGNC:1786	cyclin dependent kinase inhibitor 1C	CDKN1C
HGNC:1786	cyclin dependent kinase inhibitor 1C	KIP2
HGNC:1786	cyclin dependent kinase inhibitor 1C	P57
HGNC:1786	cyclin dependent kinase inhibitor 1C	cyclin dependent kinase inhibitor 1C
HGNC:1787	cyclin dependent kinase inhibitor 2A	p14
HGNC:1787	cyclin dependent kinase inhibitor 2A	ARF
HGNC:1787	cyclin dependent kinase inhibitor 2A	CMM2
HGNC:1787	cyclin dependent kinase inhibitor 2A	p16INK4a
HGNC:1787	cyclin dependent kinase inhibitor 2A	MTS1
HGNC:1787	cyclin dependent kinase inhibitor 2A	INK4a
HGNC:1787	cyclin dependent kinase inhibitor 2A	cyclin dependent kinase inhibitor 2A
HGNC:1787	cyclin dependent kinase inhibitor 2A	p19
HGNC:1787	cyclin dependent kinase inhibitor 2A	p19Arf
HGNC:1787	cyclin dependent kinase inhibitor 2A	CDK4I
HGNC:1787	cyclin dependent kinase inhibitor 2A	CDKN2A
HGNC:1787	cyclin dependent kinase inhibitor 2A	p14ARF
HGNC:1787	cyclin dependent kinase inhibitor 2A	p16
HGNC:1787	cyclin dependent kinase inhibitor 2A	INK4
HGNC:18037	AT-rich interaction domain 2	ARID2
HGNC:18037	AT-rich interaction domain 2	FLJ30619
HGNC:18037	AT-rich interaction domain 2	DKFZp686G052
HGNC:18037	AT-rich interaction domain 2	AT-rich interaction domain 2
HGNC:18037	AT-rich interaction domain 2	BAF200
HGNC:18037	AT-rich interaction domain 2	KIAA1557
HGNC:1806	caudal type homeobox 2	caudal type homeobox 2
HGNC:1806	caudal type homeobox 2	CDX2
HGNC:1819	CEA cell adhesion molecule 7	CEA
HGNC:1819	CEA cell adhesion molecule 7	carcinoembryonic antigen gene family member 2
HGNC:1819	CEA cell adhesion molecule 7	CEACAM7
HGNC:1819	CEA cell adhesion molecule 7	CEA cell adhesion molecule 7
HGNC:18790	neuronal vesicle trafficking associated 1	neuron-enriched endosomal protein of 21 kD
HGNC:18790	neuronal vesicle trafficking associated 1	neuron specific gene family member 1
HGNC:18790	neuronal vesicle trafficking associated 1	DNA segment on chromosome 4 (unique) 234 expressed sequence
HGNC:18790	neuronal vesicle trafficking associated 1	NEEP21
HGNC:18790	neuronal vesicle trafficking associated 1	D4S234E
HGNC:18790	neuronal vesicle trafficking associated 1	NSG1
HGNC:18790	neuronal vesicle trafficking associated 1	neuronal vesicle trafficking associated 1
HGNC:18790	neuronal vesicle trafficking associated 1	P21
HGNC:18806	calmodulin binding transcription activator 1	CAMTA1
HGNC:18806	calmodulin binding transcription activator 1	KIAA0833
HGNC:18806	calmodulin binding transcription activator 1	calmodulin binding transcription activator 1
HGNC:1885	glycoprotein hormones, alpha polypeptide	FSHA
HGNC:1885	glycoprotein hormones, alpha polypeptide	HCG
HGNC:1885	glycoprotein hormones, alpha polypeptide	LHA
HGNC:1885	glycoprotein hormones, alpha polypeptide	TSHA
HGNC:1885	glycoprotein hormones, alpha polypeptide	glycoprotein hormones, alpha polypeptide
HGNC:1885	glycoprotein hormones, alpha polypeptide	GPA1
HGNC:1885	glycoprotein hormones, alpha polypeptide	follicle-stimulating hormone alpha subunit
HGNC:1885	glycoprotein hormones, alpha polypeptide	chorionic gonadotropin, alpha polypeptide
HGNC:1885	glycoprotein hormones, alpha polypeptide	lutropin alpha chain
HGNC:1885	glycoprotein hormones, alpha polypeptide	thyroid-stimulating hormone alpha chain
HGNC:1885	glycoprotein hormones, alpha polypeptide	glycoprotein hormones alpha chain
HGNC:1885	glycoprotein hormones, alpha polypeptide	CGA
HGNC:1885	glycoprotein hormones, alpha polypeptide	GPHA1
HGNC:1885	glycoprotein hormones, alpha polypeptide	luteinizing hormone alpha chain
HGNC:1885	glycoprotein hormones, alpha polypeptide	GPHa
HGNC:19129	phosphoserine aminotransferase 1	PSAT1
HGNC:19129	phosphoserine aminotransferase 1	PSA
HGNC:19129	phosphoserine aminotransferase 1	phosphoserine aminotransferase 1
HGNC:19215	follicular dendritic cell secreted protein	FDCSP
HGNC:19215	follicular dendritic cell secreted protein	follicular dendritic cell secreted protein
HGNC:19215	follicular dendritic cell secreted protein	FDC-SP
HGNC:20253	germinal center associated signaling and motility	MGC40441
HGNC:20253	germinal center associated signaling and motility	human germinal center-associated lymphoma
HGNC:20253	germinal center associated signaling and motility	GCSAM
HGNC:20253	germinal center associated signaling and motility	HGAL
HGNC:20253	germinal center associated signaling and motility	germinal center associated signaling and motility
HGNC:20412	keratin 20	KRT20
HGNC:20412	keratin 20	MGC35423
HGNC:20412	keratin 20	K20
HGNC:20412	keratin 20	CK20
HGNC:20412	keratin 20	keratin 20
HGNC:2095	clusterin	KUB1
HGNC:2095	clusterin	TRPM-2
HGNC:2095	clusterin	SP-40
HGNC:2095	clusterin	SGP-2
HGNC:2095	clusterin	CLU2
HGNC:2095	clusterin	complement lysis inhibitor
HGNC:2095	clusterin	sulfated glycoprotein 2
HGNC:2095	clusterin	apolipoprotein J
HGNC:2095	clusterin	CLU1
HGNC:2095	clusterin	CLU
HGNC:2095	clusterin	clusterin
HGNC:2095	clusterin	testosterone-repressed prostate message 2
HGNC:21086	mindbomb E3 ubiquitin protein ligase 1	MIB1
HGNC:21086	mindbomb E3 ubiquitin protein ligase 1	mindbomb E3 ubiquitin protein ligase 1
HGNC:21086	mindbomb E3 ubiquitin protein ligase 1	MIB
HGNC:21086	mindbomb E3 ubiquitin protein ligase 1	ZZZ6
HGNC:21086	mindbomb E3 ubiquitin protein ligase 1	ZZANK2
HGNC:21086	mindbomb E3 ubiquitin protein ligase 1	KIAA1323
HGNC:21086	mindbomb E3 ubiquitin protein ligase 1	DIP-1
HGNC:21350	pyruvate dehydrogenase complex component X	pyruvate dehydrogenase complex component X
HGNC:21350	pyruvate dehydrogenase complex component X	PDHX
HGNC:21350	pyruvate dehydrogenase complex component X	DLDBP
HGNC:21350	pyruvate dehydrogenase complex component X	E3BP
HGNC:21350	pyruvate dehydrogenase complex component X	OPDX
HGNC:21350	pyruvate dehydrogenase complex component X	PDX1
HGNC:21350	pyruvate dehydrogenase complex component X	proX
HGNC:21625	anoctamin 1	FLJ10261
HGNC:21625	anoctamin 1	ANO1
HGNC:21625	anoctamin 1	DOG1
HGNC:21625	anoctamin 1	TAOS2
HGNC:21625	anoctamin 1	anoctamin 1
HGNC:21637	SATB homeobox 2	SATB2
HGNC:21637	SATB homeobox 2	SATB homeobox 2
HGNC:21637	SATB homeobox 2	FLJ21474
HGNC:21637	SATB homeobox 2	KIAA1034
HGNC:2252	coronin 1A	CORO1A
HGNC:2252	coronin 1A	coronin 1A
HGNC:2252	coronin 1A	Clabp TACO
HGNC:2252	coronin 1A	HCORO1
HGNC:2252	coronin 1A	p57
HGNC:2252	coronin 1A	coronin-1
HGNC:2294	cytochrome c oxidase subunit 8A	COX8-2
HGNC:2294	cytochrome c oxidase subunit 8A	COX8L
HGNC:2294	cytochrome c oxidase subunit 8A	cytochrome c oxidase subunit 8A
HGNC:2294	cytochrome c oxidase subunit 8A	VIII
HGNC:2294	cytochrome c oxidase subunit 8A	COX8A
HGNC:2294	cytochrome c oxidase subunit 8A	VIII-L
HGNC:2294	cytochrome c oxidase subunit 8A	COX
HGNC:23228	C3 and PZP like alpha-2-macroglobulin domain containing 8	C3 and PZP like alpha-2-macroglobulin domain containing 8
HGNC:23228	C3 and PZP like alpha-2-macroglobulin domain containing 8	CPAMD8
HGNC:23228	C3 and PZP like alpha-2-macroglobulin domain containing 8	K-CAP
HGNC:23228	C3 and PZP like alpha-2-macroglobulin domain containing 8	VIP
HGNC:23228	C3 and PZP like alpha-2-macroglobulin domain containing 8	KIAA1283
HGNC:24042	WW domain containing transcription regulator 1	DKFZp586I1419
HGNC:24042	WW domain containing transcription regulator 1	WWTR1
HGNC:24042	WW domain containing transcription regulator 1	WW domain containing transcription regulator 1
HGNC:24042	WW domain containing transcription regulator 1	TAZ
HGNC:2451	casein kinase 1 alpha 1	CKIa
HGNC:2451	casein kinase 1 alpha 1	casein kinase 1 alpha 1
HGNC:2451	casein kinase 1 alpha 1	CK1
HGNC:2451	casein kinase 1 alpha 1	clock regulator kinase
HGNC:2451	casein kinase 1 alpha 1	CK1a
HGNC:2451	casein kinase 1 alpha 1	CKIalpha
HGNC:2451	casein kinase 1 alpha 1	CSNK1A1
HGNC:2451	casein kinase 1 alpha 1	CK1alpha
HGNC:2527	cathepsin B	CTSB
HGNC:2527	cathepsin B	cathepsin B
HGNC:2536	cathepsin K	cathepsin K
HGNC:2536	cathepsin K	CTSK
HGNC:2536	cathepsin K	PKND
HGNC:270	poly(ADP-ribose) polymerase 1	PARP1
HGNC:270	poly(ADP-ribose) polymerase 1	poly(ADP-ribose) polymerase 1
HGNC:270	poly(ADP-ribose) polymerase 1	PARP
HGNC:270	poly(ADP-ribose) polymerase 1	ARTD1
HGNC:27097	RNA binding fox-1 homolog 3	RBFOX3
HGNC:27097	RNA binding fox-1 homolog 3	RNA binding fox-1 homolog 3
HGNC:27097	RNA binding fox-1 homolog 3	FOX-3
HGNC:27097	RNA binding fox-1 homolog 3	NeuN
HGNC:27097	RNA binding fox-1 homolog 3	HRNBP3
HGNC:27097	RNA binding fox-1 homolog 3	hexaribonucleotide binding protein 3
HGNC:27097	RNA binding fox-1 homolog 3	neuronal nuclei
HGNC:2720	ArfGAP with SH3 domain, ankyrin repeat and PH domain 1	ZG14P
HGNC:2720	ArfGAP with SH3 domain, ankyrin repeat and PH domain 1	KIAA1249
HGNC:2720	ArfGAP with SH3 domain, ankyrin repeat and PH domain 1	PAP
HGNC:2720	ArfGAP with SH3 domain, ankyrin repeat and PH domain 1	CENTB4
HGNC:2720	ArfGAP with SH3 domain, ankyrin repeat and PH domain 1	centaurin, beta 4
HGNC:2720	ArfGAP with SH3 domain, ankyrin repeat and PH domain 1	ASAP1
HGNC:2720	ArfGAP with SH3 domain, ankyrin repeat and PH domain 1	ArfGAP with SH3 domain, ankyrin repeat and PH domain 1
HGNC:2721	ArfGAP with SH3 domain, ankyrin repeat and PH domain 2	KIAA0400
HGNC:2721	ArfGAP with SH3 domain, ankyrin repeat and PH domain 2	CENTB3
HGNC:2721	ArfGAP with SH3 domain, ankyrin repeat and PH domain 2	SHAG1
HGNC:2721	ArfGAP with SH3 domain, ankyrin repeat and PH domain 2	PAP
HGNC:2721	ArfGAP with SH3 domain, ankyrin repeat and PH domain 2	centaurin, beta 3
HGNC:2721	ArfGAP with SH3 domain, ankyrin repeat and PH domain 2	ASAP2
HGNC:2721	ArfGAP with SH3 domain, ankyrin repeat and PH domain 2	ArfGAP with SH3 domain, ankyrin repeat and PH domain 2
HGNC:2770	desmin	intermediate filament protein
HGNC:2770	desmin	CSM2
HGNC:2770	desmin	CSM1
HGNC:2770	desmin	desmin
HGNC:2770	desmin	DES
HGNC:2770	desmin	CMD1I
HGNC:28868	insulin like growth factor 2 mRNA binding protein 3	IGF II mRNA binding protein 3
HGNC:28868	insulin like growth factor 2 mRNA binding protein 3	cancer/testis antigen 98
HGNC:28868	insulin like growth factor 2 mRNA binding protein 3	IGF2BP3
HGNC:28868	insulin like growth factor 2 mRNA binding protein 3	IMP3
HGNC:28868	insulin like growth factor 2 mRNA binding protein 3	CT98
HGNC:28868	insulin like growth factor 2 mRNA binding protein 3	IMP-3
HGNC:28868	insulin like growth factor 2 mRNA binding protein 3	insulin like growth factor 2 mRNA binding protein 3
HGNC:29227	heart development protein with EGF like domains 1	heart of glass
HGNC:29227	heart development protein with EGF like domains 1	HEG
HGNC:29227	heart development protein with EGF like domains 1	KIAA1237
HGNC:29227	heart development protein with EGF like domains 1	heart development protein with EGF like domains 1
HGNC:29227	heart development protein with EGF like domains 1	HEG1
HGNC:2928	dystrophin	muscular dystrophy, Duchenne and Becker types
HGNC:2928	dystrophin	DXS230
HGNC:2928	dystrophin	BMD
HGNC:2928	dystrophin	DMD
HGNC:2928	dystrophin	DXS268
HGNC:2928	dystrophin	DXS269
HGNC:2928	dystrophin	DXS270
HGNC:2928	dystrophin	DXS272
HGNC:2928	dystrophin	DXS206
HGNC:2928	dystrophin	dystrophin
HGNC:2928	dystrophin	DXS164
HGNC:2928	dystrophin	DXS142
HGNC:2928	dystrophin	DXS239
HGNC:29602	podoplanin	T1A-2
HGNC:29602	podoplanin	podoplanin
HGNC:29602	podoplanin	Gp38
HGNC:29602	podoplanin	aggrus
HGNC:29602	podoplanin	GP40
HGNC:29602	podoplanin	lung type I cell membrane associated glycoprotein
HGNC:29602	podoplanin	PA2.26
HGNC:29602	podoplanin	PDPN
HGNC:2983	DNA nucleotidylexotransferase	DNTT
HGNC:2983	DNA nucleotidylexotransferase	Terminal deoxynucleotidyltransferase
HGNC:2983	DNA nucleotidylexotransferase	DNA nucleotidylexotransferase
HGNC:2983	DNA nucleotidylexotransferase	TDT
HGNC:29919	NUT midline carcinoma family member 1	NUT midline carcinoma family member 1
HGNC:29919	NUT midline carcinoma family member 1	nuclear protein in testis
HGNC:29919	NUT midline carcinoma family member 1	NUT
HGNC:29919	NUT midline carcinoma family member 1	DKFZp434O192
HGNC:29919	NUT midline carcinoma family member 1	FAM22H
HGNC:29919	NUT midline carcinoma family member 1	NUTM1
HGNC:30227	signal peptide peptidase like 2A	PSL2
HGNC:30227	signal peptide peptidase like 2A	signal peptide peptidase like 2A
HGNC:30227	signal peptide peptidase like 2A	IMP3
HGNC:30227	signal peptide peptidase like 2A	SPPL2A
HGNC:30227	signal peptide peptidase like 2A	intramembrane protease 3
HGNC:30227	signal peptide peptidase like 2A	presenilin-like protein 2
HGNC:30465	embigin	MGC71745
HGNC:30465	embigin	embigin
HGNC:30465	embigin	EMB
HGNC:3236	epidermal growth factor receptor	erb-b2 receptor tyrosine kinase 1
HGNC:3236	epidermal growth factor receptor	epidermal growth factor receptor
HGNC:3236	epidermal growth factor receptor	ERBB1
HGNC:3236	epidermal growth factor receptor	erythroblastic leukemia viral (v-erb-b) oncogene homolog (avian)
HGNC:3236	epidermal growth factor receptor	EGFR
HGNC:3433	ERCC excision repair 1, endonuclease non-catalytic subunit	ERCC1
HGNC:3433	ERCC excision repair 1, endonuclease non-catalytic subunit	RAD10
HGNC:3433	ERCC excision repair 1, endonuclease non-catalytic subunit	ERCC excision repair 1, endonuclease non-catalytic subunit
HGNC:34345	armadillo like helical domain containing 1	armadillo like helical domain containing 1
HGNC:34345	armadillo like helical domain containing 1	MGC33556
HGNC:34345	armadillo like helical domain containing 1	ARMH1
HGNC:34345	armadillo like helical domain containing 1	p40
HGNC:3446	ETS transcription factor ERG	erg-3
HGNC:3446	ETS transcription factor ERG	ERG
HGNC:3446	ETS transcription factor ERG	p55
HGNC:3446	ETS transcription factor ERG	TMPRSS2-ERG prostate cancer specific
HGNC:3446	ETS transcription factor ERG	transcriptional regulator ERG (transforming protein ERG)
HGNC:3446	ETS transcription factor ERG	v-ets erythroblastosis virus E26 oncogene like
HGNC:3446	ETS transcription factor ERG	ETS-related gene
HGNC:3446	ETS transcription factor ERG	ETS transcription factor ERG
HGNC:3481	electron transfer flavoprotein subunit alpha	ETFA
HGNC:3481	electron transfer flavoprotein subunit alpha	electron transfer flavoprotein subunit alpha
HGNC:3481	electron transfer flavoprotein subunit alpha	glutaric aciduria II
HGNC:3481	electron transfer flavoprotein subunit alpha	EMA
HGNC:3481	electron transfer flavoprotein subunit alpha	GA2
HGNC:3481	electron transfer flavoprotein subunit alpha	MADD
HGNC:3508	EWS RNA binding protein 1	EWSR1
HGNC:3508	EWS RNA binding protein 1	EWS
HGNC:3508	EWS RNA binding protein 1	EWS RNA binding protein 1
HGNC:3527	enhancer of zeste 2 polycomb repressive complex 2 subunit	enhancer of zeste 2 polycomb repressive complex 2 subunit
HGNC:3527	enhancer of zeste 2 polycomb repressive complex 2 subunit	KMT6A
HGNC:3527	enhancer of zeste 2 polycomb repressive complex 2 subunit	KMT6
HGNC:3527	enhancer of zeste 2 polycomb repressive complex 2 subunit	ENX-1
HGNC:3527	enhancer of zeste 2 polycomb repressive complex 2 subunit	EZH1
HGNC:3527	enhancer of zeste 2 polycomb repressive complex 2 subunit	EZH2
HGNC:3690	fibroblast growth factor receptor 3	fibroblast growth factor receptor 3
HGNC:3690	fibroblast growth factor receptor 3	CD333
HGNC:3690	fibroblast growth factor receptor 3	JTK4
HGNC:3690	fibroblast growth factor receptor 3	CEK2
HGNC:3690	fibroblast growth factor receptor 3	FGFR3
HGNC:3700	fumarate hydratase	fumarase
HGNC:3700	fumarate hydratase	fumarate hydratase
HGNC:3700	fumarate hydratase	FH
HGNC:3701	fragile histidine triad diadenosine triphosphatase	bis(5'-adenosyl)-triphosphatase
HGNC:3701	fragile histidine triad diadenosine triphosphatase	FHIT
HGNC:3701	fragile histidine triad diadenosine triphosphatase	fragile histidine triad diadenosine triphosphatase
HGNC:3701	fragile histidine triad diadenosine triphosphatase	FRA3B
HGNC:3701	fragile histidine triad diadenosine triphosphatase	AP3Aase
HGNC:3708	vascular endothelial growth factor D	VEGFD
HGNC:3708	vascular endothelial growth factor D	vascular endothelial growth factor D
HGNC:3708	vascular endothelial growth factor D	VEGF-D
HGNC:3748	filaggrin	filaggrin
HGNC:3748	filaggrin	FLG
HGNC:3749	Fli-1 proto-oncogene, ETS transcription factor	Fli-1 proto-oncogene, ETS transcription factor
HGNC:3749	Fli-1 proto-oncogene, ETS transcription factor	FLI1
HGNC:3749	Fli-1 proto-oncogene, ETS transcription factor	EWSR2
HGNC:3749	Fli-1 proto-oncogene, ETS transcription factor	SIC-1
HGNC:3750	FLII actin remodeling protein	FLIL
HGNC:3750	FLII actin remodeling protein	Fli1
HGNC:3750	FLII actin remodeling protein	MGC39265
HGNC:3750	FLII actin remodeling protein	FLII actin remodeling protein
HGNC:3750	FLII actin remodeling protein	FLI
HGNC:3750	FLII actin remodeling protein	FLII
HGNC:3765	fms related receptor tyrosine kinase 3	STK1
HGNC:3765	fms related receptor tyrosine kinase 3	FLK2
HGNC:3765	fms related receptor tyrosine kinase 3	CD135
HGNC:3765	fms related receptor tyrosine kinase 3	FLT3
HGNC:3765	fms related receptor tyrosine kinase 3	fms related receptor tyrosine kinase 3
HGNC:3767	fms related receptor tyrosine kinase 4	PCL
HGNC:3767	fms related receptor tyrosine kinase 4	VEGFR3
HGNC:3767	fms related receptor tyrosine kinase 4	fms related receptor tyrosine kinase 4
HGNC:3767	fms related receptor tyrosine kinase 4	VEGFR-3
HGNC:3767	fms related receptor tyrosine kinase 4	vascular endothelial growth factor receptor 3
HGNC:3767	fms related receptor tyrosine kinase 4	VEGF receptor-3
HGNC:3767	fms related receptor tyrosine kinase 4	FLT4
HGNC:3767	fms related receptor tyrosine kinase 4	primary congenital lymphedema
HGNC:3767	fms related receptor tyrosine kinase 4	Feline McDonough Sarcoma (FMS)-like tyrosine kinase 4
HGNC:3778	fibronectin 1	migration-stimulating factor
HGNC:3778	fibronectin 1	fibronectin 1
HGNC:3778	fibronectin 1	cold-insoluble globulin
HGNC:3778	fibronectin 1	FINC
HGNC:3778	fibronectin 1	MSF
HGNC:3778	fibronectin 1	FN1
HGNC:3778	fibronectin 1	GFND2
HGNC:3778	fibronectin 1	LETS
HGNC:3778	fibronectin 1	CIG
HGNC:3788	folate hydrolase 1	glutamate carboxylase II
HGNC:3788	folate hydrolase 1	glutamate carboxypeptidase 2
HGNC:3788	folate hydrolase 1	PSM
HGNC:3788	folate hydrolase 1	PSMA
HGNC:3788	folate hydrolase 1	NAALAD1
HGNC:3788	folate hydrolase 1	NAALAdase
HGNC:3788	folate hydrolase 1	GCP2
HGNC:3788	folate hydrolase 1	GCPII
HGNC:3788	folate hydrolase 1	FOLH1
HGNC:3788	folate hydrolase 1	folate hydrolase 1
HGNC:3816	forkhead box J1	forkhead box J1
HGNC:3816	forkhead box J1	HFH-4
HGNC:3816	forkhead box J1	HFH4
HGNC:3816	forkhead box J1	FOXJ1
HGNC:391	AKT serine/threonine kinase 1	RAC
HGNC:391	AKT serine/threonine kinase 1	PKB
HGNC:391	AKT serine/threonine kinase 1	PRKBA
HGNC:391	AKT serine/threonine kinase 1	AKT serine/threonine kinase 1
HGNC:391	AKT serine/threonine kinase 1	AKT
HGNC:391	AKT serine/threonine kinase 1	RAC-alpha
HGNC:391	AKT serine/threonine kinase 1	AKT1
HGNC:391	AKT serine/threonine kinase 1	protein kinase B
HGNC:3942	mechanistic target of rapamycin kinase	MTOR
HGNC:3942	mechanistic target of rapamycin kinase	FKBP12-rapamycin complex-associated protein 1
HGNC:3942	mechanistic target of rapamycin kinase	FLJ44809
HGNC:3942	mechanistic target of rapamycin kinase	mammalian target of rapamycin
HGNC:3942	mechanistic target of rapamycin kinase	rapamycin and FKBP12 target 1
HGNC:3942	mechanistic target of rapamycin kinase	mechanistic target of rapamycin kinase
HGNC:3942	mechanistic target of rapamycin kinase	dJ576K7.1 (FK506 binding protein 12-rapamycin associated protein 1)
HGNC:3942	mechanistic target of rapamycin kinase	rapamycin associated protein FRAP2
HGNC:3942	mechanistic target of rapamycin kinase	FKBP-rapamycin associated protein
HGNC:3942	mechanistic target of rapamycin kinase	rapamycin target protein
HGNC:3942	mechanistic target of rapamycin kinase	FK506 binding protein 12-rapamycin associated protein 2
HGNC:3942	mechanistic target of rapamycin kinase	RAFT1
HGNC:3942	mechanistic target of rapamycin kinase	RAPT1
HGNC:399	albumin	albumin
HGNC:399	albumin	ALB
HGNC:4055	X-ray repair cross complementing 6	XRCC6
HGNC:4055	X-ray repair cross complementing 6	X-ray repair cross complementing 6
HGNC:4055	X-ray repair cross complementing 6	D22S731
HGNC:4055	X-ray repair cross complementing 6	KU70
HGNC:4055	X-ray repair cross complementing 6	ML8
HGNC:4055	X-ray repair cross complementing 6	Ku autoantigen, 70kDa
HGNC:4055	X-ray repair cross complementing 6	D22S671
HGNC:4164	gastrin	GAST
HGNC:4164	gastrin	preprogastrin
HGNC:4164	gastrin	gastrin
HGNC:4172	GATA binding protein 3	GATA3
HGNC:4172	GATA binding protein 3	GATA binding protein 3
HGNC:4172	GATA binding protein 3	HDR
HGNC:4191	glucagon	GRPP
HGNC:4191	glucagon	preproglucagon
HGNC:4191	glucagon	GCG
HGNC:4191	glucagon	GLP-1
HGNC:4191	glucagon	GLP2
HGNC:4191	glucagon	glucagon-like peptide 2
HGNC:4191	glucagon	GLP1
HGNC:4191	glucagon	glucagon
HGNC:4191	glucagon	glucagon-like peptide 1
HGNC:4191	glucagon	glicentin-related polypeptide
HGNC:4261	growth hormone 1	GH-N
HGNC:4261	growth hormone 1	GHN
HGNC:4261	growth hormone 1	growth hormone 1
HGNC:4261	growth hormone 1	somatotropin
HGNC:4261	growth hormone 1	GH1
HGNC:4261	growth hormone 1	GH
HGNC:4261	growth hormone 1	hGH-N
HGNC:4261	growth hormone 1	pituitary growth hormone
HGNC:427	ALK receptor tyrosine kinase	ALK receptor tyrosine kinase
HGNC:427	ALK receptor tyrosine kinase	CD246
HGNC:427	ALK receptor tyrosine kinase	ALK
HGNC:42982	H3 histone pseudogene 16	H3 histone pseudogene 16
HGNC:42982	H3 histone pseudogene 16	p21
HGNC:42982	H3 histone pseudogene 16	H3P16
HGNC:43802	H3 histone pseudogene 10	H3 histone pseudogene 10
HGNC:43802	H3 histone pseudogene 10	p16
HGNC:43802	H3 histone pseudogene 10	H3P10
HGNC:439	alkaline phosphatase, placental	Regan isozyme
HGNC:439	alkaline phosphatase, placental	placental alkaline phosphatase
HGNC:439	alkaline phosphatase, placental	ALPP
HGNC:439	alkaline phosphatase, placental	alkaline phosphatase, placental
HGNC:439	alkaline phosphatase, placental	PLAP
HGNC:439	alkaline phosphatase, placental	PALP
HGNC:4390	G protein subunit alpha q	GNAQ
HGNC:4390	G protein subunit alpha q	G-ALPHA-q
HGNC:4390	G protein subunit alpha q	GAQ
HGNC:4390	G protein subunit alpha q	G protein subunit alpha q
HGNC:4392	GNAS complex locus	NESP
HGNC:4392	GNAS complex locus	GNASXL
HGNC:4392	GNAS complex locus	GPSA
HGNC:4392	GNAS complex locus	SCG6
HGNC:4392	GNAS complex locus	SgVI
HGNC:4392	GNAS complex locus	NESP55
HGNC:4392	GNAS complex locus	secretogranin VI
HGNC:4392	GNAS complex locus	GNAS complex locus
HGNC:4392	GNAS complex locus	GNAS
HGNC:4392	GNAS complex locus	G protein subunit alpha S
HGNC:4451	glypican 3	SGBS1
HGNC:4451	glypican 3	GPC3
HGNC:4451	glypican 3	glypican proteoglycan 3
HGNC:4451	glypican 3	OCI-5
HGNC:4451	glypican 3	SGBS
HGNC:4451	glypican 3	glypican 3
HGNC:4451	glypican 3	SGB
HGNC:4451	glypican 3	DGSX
HGNC:451	alpha-methylacyl-CoA racemase	RACE
HGNC:451	alpha-methylacyl-CoA racemase	alpha-methylacyl-CoA racemase
HGNC:451	alpha-methylacyl-CoA racemase	P504S
HGNC:451	alpha-methylacyl-CoA racemase	AMACR
HGNC:4540	C-X-C motif chemokine receptor 3	CXCR3
HGNC:4540	C-X-C motif chemokine receptor 3	C-X-C motif chemokine receptor 3
HGNC:4540	C-X-C motif chemokine receptor 3	MigR
HGNC:4540	C-X-C motif chemokine receptor 3	IP10-R
HGNC:4540	C-X-C motif chemokine receptor 3	CMKAR3
HGNC:4540	C-X-C motif chemokine receptor 3	CKR-L2
HGNC:4540	C-X-C motif chemokine receptor 3	CD183
HGNC:4709	granzyme B	CSP-B
HGNC:4709	granzyme B	CCPI
HGNC:4709	granzyme B	SECT
HGNC:4709	granzyme B	HLP
HGNC:4709	granzyme B	GZMB
HGNC:4709	granzyme B	CGL-1
HGNC:4709	granzyme B	CGL1
HGNC:4709	granzyme B	granzyme B
HGNC:4709	granzyme B	CTSGL1
HGNC:4709	granzyme B	cathepsin G-like 1
HGNC:4709	granzyme B	T-cell serine protease 1-3E
HGNC:4709	granzyme B	granzyme 2
HGNC:4709	granzyme B	cytotoxic T-lymphocyte-associated serine esterase 1
HGNC:4709	granzyme B	fragmentin 2
HGNC:4709	granzyme B	cytotoxic serine protease B
HGNC:4712	granzyme M	MET1
HGNC:4712	granzyme M	lymphocyte met-ase 1
HGNC:4712	granzyme M	GZMM
HGNC:4712	granzyme M	granzyme M
HGNC:4712	granzyme M	LMET1
HGNC:474	amylase alpha 1A	AMY1A
HGNC:474	amylase alpha 1A	amylase alpha 1A
HGNC:4910	hypoxia inducible factor 1 subunit alpha	hypoxia inducible factor 1 subunit alpha
HGNC:4910	hypoxia inducible factor 1 subunit alpha	HIF1
HGNC:4910	hypoxia inducible factor 1 subunit alpha	bHLHe78
HGNC:4910	hypoxia inducible factor 1 subunit alpha	HIF-1alpha
HGNC:4910	hypoxia inducible factor 1 subunit alpha	HIF1A
HGNC:4910	hypoxia inducible factor 1 subunit alpha	MOP1
HGNC:4910	hypoxia inducible factor 1 subunit alpha	PASD8
HGNC:4964	major histocompatibility complex, class I, G	major histocompatibility complex, class I, G
HGNC:4964	major histocompatibility complex, class I, G	b2 microglobulin
HGNC:4964	major histocompatibility complex, class I, G	HLA-G
HGNC:5021	forkhead box A1	forkhead box A1
HGNC:5021	forkhead box A1	FOXA1
HGNC:5192	hes family bHLH transcription factor 1	HES1
HGNC:5192	hes family bHLH transcription factor 1	FLJ20408
HGNC:5192	hes family bHLH transcription factor 1	hes family bHLH transcription factor 1
HGNC:5192	hes family bHLH transcription factor 1	HES-1
HGNC:5192	hes family bHLH transcription factor 1	bHLHb39
HGNC:5253	heat shock protein 90 alpha family class A member 1	Hsp89
HGNC:5253	heat shock protein 90 alpha family class A member 1	Hsp90
HGNC:5253	heat shock protein 90 alpha family class A member 1	HSP90AA1
HGNC:5253	heat shock protein 90 alpha family class A member 1	FLJ31884
HGNC:5253	heat shock protein 90 alpha family class A member 1	HSP90N
HGNC:5253	heat shock protein 90 alpha family class A member 1	heat shock protein 90 alpha family class A member 1
HGNC:5278	hypertrichosis 2 (generalized, congenital)	hypertrichosis 2 (generalized, congenital)
HGNC:5278	hypertrichosis 2 (generalized, congenital)	HTC2
HGNC:5278	hypertrichosis 2 (generalized, congenital)	CGH
HGNC:5278	hypertrichosis 2 (generalized, congenital)	HCG
HGNC:53	ATP binding cassette subfamily C member 2	MRP2
HGNC:53	ATP binding cassette subfamily C member 2	ABCC2
HGNC:53	ATP binding cassette subfamily C member 2	DJS
HGNC:53	ATP binding cassette subfamily C member 2	ATP binding cassette subfamily C member 2
HGNC:53	ATP binding cassette subfamily C member 2	cMRP
HGNC:533	annexin A1	annexin A1
HGNC:533	annexin A1	ANXA1
HGNC:534	annexin A10	ANXA10
HGNC:534	annexin A10	annexin A10
HGNC:534	annexin A10	ANX14
HGNC:5382	isocitrate dehydrogenase (NADP(+)) 1	isocitrate dehydrogenase (NADP(+)) 1
HGNC:5382	isocitrate dehydrogenase (NADP(+)) 1	IDH1
HGNC:5397	interferon alpha inducible protein 27	FAM14D
HGNC:5397	interferon alpha inducible protein 27	ISG12
HGNC:5397	interferon alpha inducible protein 27	interferon alpha inducible protein 27
HGNC:5397	interferon alpha inducible protein 27	IFI27
HGNC:5397	interferon alpha inducible protein 27	P27
HGNC:5412	interferon induced transmembrane protein 1	IFITM1
HGNC:5412	interferon induced transmembrane protein 1	DSPA2a
HGNC:5412	interferon induced transmembrane protein 1	dispanin subfamily A member 2a
HGNC:5412	interferon induced transmembrane protein 1	interferon induced transmembrane protein 1
HGNC:5412	interferon induced transmembrane protein 1	interferon-induced transmembrane protein 1
HGNC:5412	interferon induced transmembrane protein 1	CD225
HGNC:5412	interferon induced transmembrane protein 1	9-27
HGNC:54457	H3 histone pseudogene 23	p27
HGNC:54457	H3 histone pseudogene 23	H3P23
HGNC:54457	H3 histone pseudogene 23	H3 histone pseudogene 23
HGNC:54461	H3 histone pseudogene 28	p40
HGNC:54461	H3 histone pseudogene 28	H3 histone pseudogene 28
HGNC:54461	H3 histone pseudogene 28	H3P28
HGNC:54475	H3 histone pseudogene 47	H3 histone pseudogene 47
HGNC:54475	H3 histone pseudogene 47	H3P47
HGNC:54475	H3 histone pseudogene 47	p57
HGNC:5477	immunoglobulin heavy locus	immunoglobulin heavy locus
HGNC:5477	immunoglobulin heavy locus	IGH
HGNC:583	APC regulator of WNT signaling pathway	APC
HGNC:583	APC regulator of WNT signaling pathway	PPP1R46
HGNC:583	APC regulator of WNT signaling pathway	DP2.5
HGNC:583	APC regulator of WNT signaling pathway	DP3
HGNC:583	APC regulator of WNT signaling pathway	APC regulator of WNT signaling pathway
HGNC:583	APC regulator of WNT signaling pathway	protein phosphatase 1, regulatory subunit 46
HGNC:583	APC regulator of WNT signaling pathway	DP2
HGNC:593	baculoviral IAP repeat containing 5	baculoviral IAP repeat containing 5
HGNC:593	baculoviral IAP repeat containing 5	survivin variant 3 alpha
HGNC:593	baculoviral IAP repeat containing 5	survivin
HGNC:593	baculoviral IAP repeat containing 5	BIRC5
HGNC:593	baculoviral IAP repeat containing 5	EPR-1
HGNC:6026	C-X-C motif chemokine receptor 1	CD181
HGNC:6026	C-X-C motif chemokine receptor 1	CDw128a
HGNC:6026	C-X-C motif chemokine receptor 1	CKR-1
HGNC:6026	C-X-C motif chemokine receptor 1	CXCR1
HGNC:6026	C-X-C motif chemokine receptor 1	C-X-C motif chemokine receptor 1
HGNC:6027	C-X-C motif chemokine receptor 2	CD182
HGNC:6027	C-X-C motif chemokine receptor 2	C-X-C motif chemokine receptor 2
HGNC:6027	C-X-C motif chemokine receptor 2	CMKAR2
HGNC:6027	C-X-C motif chemokine receptor 2	CXCR2
HGNC:6029	interleukin 9	HP40
HGNC:6029	interleukin 9	interleukin 9
HGNC:6029	interleukin 9	IL9
HGNC:6029	interleukin 9	homolog of mouse T cell and mast cell growth factor 40
HGNC:6029	interleukin 9	p40 cytokine
HGNC:6029	interleukin 9	T-cell growth factor p40
HGNC:6029	interleukin 9	p40 T-cell and mast cell growth factor
HGNC:6029	interleukin 9	P40
HGNC:6029	interleukin 9	IL-9
HGNC:6062	inhibitor of growth family member 1	growth inhibitory protein ING1
HGNC:6062	inhibitor of growth family member 1	inhibitor of growth 1
HGNC:6062	inhibitor of growth family member 1	tumor suppressor ING1
HGNC:6062	inhibitor of growth family member 1	growth inhibitor ING1
HGNC:6062	inhibitor of growth family member 1	p33
HGNC:6062	inhibitor of growth family member 1	p33ING1b
HGNC:6062	inhibitor of growth family member 1	p47
HGNC:6062	inhibitor of growth family member 1	p24ING1c
HGNC:6062	inhibitor of growth family member 1	ING1
HGNC:6062	inhibitor of growth family member 1	inhibitor of growth family member 1
HGNC:6062	inhibitor of growth family member 1	p47ING1a
HGNC:6062	inhibitor of growth family member 1	p33ING1
HGNC:6063	inhibitor of growth family member 2	inhibitor of growth family member 2
HGNC:6063	inhibitor of growth family member 2	ING2
HGNC:6063	inhibitor of growth family member 2	p33ING2
HGNC:6081	insulin	insulin
HGNC:6081	insulin	INS
HGNC:6090	INSM transcriptional repressor 1	INSM transcriptional repressor 1
HGNC:6090	INSM transcriptional repressor 1	IA1
HGNC:6090	INSM transcriptional repressor 1	INSM1
HGNC:6090	INSM transcriptional repressor 1	IA-1
HGNC:6106	forkhead box P3	PIDX
HGNC:6106	forkhead box P3	AIID
HGNC:6106	forkhead box P3	DIETER
HGNC:6106	forkhead box P3	JM2
HGNC:6106	forkhead box P3	XPID
HGNC:6106	forkhead box P3	SCURFIN
HGNC:6106	forkhead box P3	forkhead box P3
HGNC:6106	forkhead box P3	FOXP3
HGNC:6107	pancreatic and duodenal homeobox 1	STF-1
HGNC:6107	pancreatic and duodenal homeobox 1	MODY4
HGNC:6107	pancreatic and duodenal homeobox 1	IDX-1
HGNC:6107	pancreatic and duodenal homeobox 1	PDX-1
HGNC:6107	pancreatic and duodenal homeobox 1	somatostatin transcription factor 1
HGNC:6107	pancreatic and duodenal homeobox 1	pancreatic and duodenal homeobox 1
HGNC:6107	pancreatic and duodenal homeobox 1	PDX1
HGNC:6119	interferon regulatory factor 4	IRF4
HGNC:6119	interferon regulatory factor 4	LSIRF
HGNC:6119	interferon regulatory factor 4	interferon regulatory factor 4
HGNC:6132	ISL LIM homeobox 1	ISL1
HGNC:6132	ISL LIM homeobox 1	ISLET1
HGNC:6132	ISL LIM homeobox 1	Isl-1
HGNC:6132	ISL LIM homeobox 1	ISL LIM homeobox 1
HGNC:6187	involucrin	IVL
HGNC:6187	involucrin	involucrin
HGNC:6343	KIT ligand	KL-1
HGNC:6343	KIT ligand	SCF
HGNC:6343	KIT ligand	SF
HGNC:6343	KIT ligand	Kitl
HGNC:6343	KIT ligand	mast cell growth factor
HGNC:6343	KIT ligand	stem cell factor
HGNC:6343	KIT ligand	KIT ligand
HGNC:6343	KIT ligand	KITLG
HGNC:6343	KIT ligand	FPH2
HGNC:6343	KIT ligand	SLF
HGNC:6343	KIT ligand	DFNA69
HGNC:6343	KIT ligand	steel factor
HGNC:6343	KIT ligand	familial progressive hyperpigmentation 2
HGNC:6364	kallikrein related peptidase 3	KLK3
HGNC:6364	kallikrein related peptidase 3	PSA
HGNC:6364	kallikrein related peptidase 3	kallikrein related peptidase 3
HGNC:6407	KRAS proto-oncogene, GTPase	KRAS proto-oncogene, GTPase
HGNC:6407	KRAS proto-oncogene, GTPase	KRAS1
HGNC:6407	KRAS proto-oncogene, GTPase	KRAS
HGNC:6413	keratin 10	CK10
HGNC:6413	keratin 10	epidermolytic hyperkeratosis
HGNC:6413	keratin 10	keratin 10
HGNC:6413	keratin 10	K10
HGNC:6413	keratin 10	cytokeratin 10
HGNC:6413	keratin 10	KRT10
HGNC:6415	keratin 13	CK13
HGNC:6415	keratin 13	MGC3781
HGNC:6415	keratin 13	keratin, type I cytoskeletal 13
HGNC:6415	keratin 13	keratin 13
HGNC:6415	keratin 13	KRT13
HGNC:6415	keratin 13	cytokeratin 13
HGNC:6415	keratin 13	MGC161462
HGNC:6415	keratin 13	K13
HGNC:6421	keratin 15	keratin 15
HGNC:6421	keratin 15	K15
HGNC:6421	keratin 15	KRT15
HGNC:6421	keratin 15	CK15
HGNC:6421	keratin 15	K1CO
HGNC:6421	keratin 15	keratin-15, basic
HGNC:6421	keratin 15	cytokeratin 15
HGNC:6421	keratin 15	type I cytoskeletal 15
HGNC:6421	keratin 15	keratin-15, beta
HGNC:6436	keratin 19	CK19
HGNC:6436	keratin 19	keratin, type I cytoskeletal 19
HGNC:6436	keratin 19	40-kDa keratin intermediate filament
HGNC:6436	keratin 19	MGC15366
HGNC:6436	keratin 19	K1CS
HGNC:6436	keratin 19	keratin, type I, 40-kd
HGNC:6436	keratin 19	K19
HGNC:6436	keratin 19	cytokeratin 19
HGNC:6436	keratin 19	KRT19
HGNC:6436	keratin 19	keratin 19
HGNC:644	androgen receptor	HUMARA
HGNC:644	androgen receptor	NR3C4
HGNC:644	androgen receptor	AIS
HGNC:644	androgen receptor	AR
HGNC:644	androgen receptor	testicular feminization
HGNC:644	androgen receptor	Kennedy disease
HGNC:644	androgen receptor	SMAX1
HGNC:644	androgen receptor	androgen receptor
HGNC:6440	keratin 3	CK3
HGNC:6440	keratin 3	cytokeratin 3
HGNC:6440	keratin 3	keratin, type II cytoskeletal 3
HGNC:6440	keratin 3	keratin 3
HGNC:6440	keratin 3	KRT3
HGNC:6440	keratin 3	K3
HGNC:6441	keratin 4	keratin 4
HGNC:6441	keratin 4	cytokeratin 4
HGNC:6441	keratin 4	keratin, type II cytoskeletal 4
HGNC:6441	keratin 4	KRT4
HGNC:6441	keratin 4	CK4
HGNC:6441	keratin 4	K4
HGNC:6445	keratin 7	KRT7
HGNC:6445	keratin 7	K7
HGNC:6445	keratin 7	CK7
HGNC:6445	keratin 7	keratin, type II cytoskeletal 7
HGNC:6445	keratin 7	cytokeratin 7
HGNC:6445	keratin 7	K2C7
HGNC:6445	keratin 7	keratin, 55K type II cytoskeletal
HGNC:6445	keratin 7	sarcolectin
HGNC:6445	keratin 7	SCL
HGNC:6445	keratin 7	keratin 7
HGNC:6446	keratin 8	keratin 8
HGNC:6446	keratin 8	CARD2
HGNC:6446	keratin 8	K8
HGNC:6446	keratin 8	CK8
HGNC:6446	keratin 8	CYK8
HGNC:6446	keratin 8	K2C8
HGNC:6446	keratin 8	KO
HGNC:6446	keratin 8	KRT8
HGNC:6502	ribosomal protein SA	RPSA
HGNC:6502	ribosomal protein SA	SA
HGNC:6502	ribosomal protein SA	37LRP
HGNC:6502	ribosomal protein SA	p40
HGNC:6502	ribosomal protein SA	ribosomal protein SA
HGNC:6502	ribosomal protein SA	LRP
HGNC:6508	LanC like 1	LanC like 1
HGNC:6508	LanC like 1	LANCL1
HGNC:6508	LanC like 1	p40
HGNC:6510	stathmin 1	SMN
HGNC:6510	stathmin 1	OP18
HGNC:6510	stathmin 1	PR22
HGNC:6510	stathmin 1	PP19
HGNC:6510	stathmin 1	PP17
HGNC:6510	stathmin 1	Lag
HGNC:6510	stathmin 1	FLJ32206
HGNC:6510	stathmin 1	stathmin 1
HGNC:6510	stathmin 1	STMN1
HGNC:6510	stathmin 1	oncoprotein 18
HGNC:6642	LIM domain only 2	LIM domain only 2
HGNC:6642	LIM domain only 2	TTG2
HGNC:6642	LIM domain only 2	RBTN2
HGNC:6642	LIM domain only 2	RHOM2
HGNC:6642	LIM domain only 2	T-cell translocation gene 2
HGNC:6642	LIM domain only 2	LMO2
HGNC:6642	LIM domain only 2	rhombotin-like 1
HGNC:6656	leucyl and cystinyl aminopeptidase	placental leucine aminopeptidase
HGNC:6656	leucyl and cystinyl aminopeptidase	leucyl and cystinyl aminopeptidase
HGNC:6656	leucyl and cystinyl aminopeptidase	LNPEP
HGNC:6656	leucyl and cystinyl aminopeptidase	CAP
HGNC:6656	leucyl and cystinyl aminopeptidase	PLAP
HGNC:6656	leucyl and cystinyl aminopeptidase	P-LAP
HGNC:6656	leucyl and cystinyl aminopeptidase	IRAP
HGNC:6656	leucyl and cystinyl aminopeptidase	cystinyl aminopeptidase
HGNC:6740	lysozyme	renal amyloidosis
HGNC:6740	lysozyme	LYZ
HGNC:6740	lysozyme	lysozyme
HGNC:6746	NBR1 autophagy cargo receptor	NBR1
HGNC:6746	NBR1 autophagy cargo receptor	CA125
HGNC:6746	NBR1 autophagy cargo receptor	KIAA0049
HGNC:6746	NBR1 autophagy cargo receptor	1A1-3B
HGNC:6746	NBR1 autophagy cargo receptor	NBR1 autophagy cargo receptor
HGNC:6770	SMAD family member 4	DPC4
HGNC:6770	SMAD family member 4	SMAD family member 4
HGNC:6770	SMAD family member 4	SMAD4
HGNC:6819	MALT1 paracaspase	paracaspase 1
HGNC:6819	MALT1 paracaspase	MALT1 protease
HGNC:6819	MALT1 paracaspase	MALT1 paracaspase
HGNC:6819	MALT1 paracaspase	MALT1
HGNC:6819	MALT1 paracaspase	PCASP1
HGNC:682	Rho/Rac guanine nucleotide exchange factor 2	P40
HGNC:682	Rho/Rac guanine nucleotide exchange factor 2	ARHGEF2
HGNC:682	Rho/Rac guanine nucleotide exchange factor 2	Lfc
HGNC:682	Rho/Rac guanine nucleotide exchange factor 2	GEFH1
HGNC:682	Rho/Rac guanine nucleotide exchange factor 2	LFP40
HGNC:682	Rho/Rac guanine nucleotide exchange factor 2	Rho/Rac guanine nucleotide exchange factor 2
HGNC:682	Rho/Rac guanine nucleotide exchange factor 2	GEF-H1
HGNC:682	Rho/Rac guanine nucleotide exchange factor 2	KIAA0651
HGNC:6839	microtubule associated protein 2	MAP2
HGNC:6839	microtubule associated protein 2	MAP2B
HGNC:6839	microtubule associated protein 2	microtubule associated protein 2
HGNC:6839	microtubule associated protein 2	MAP2A
HGNC:6839	microtubule associated protein 2	MAP2C
HGNC:6893	microtubule associated protein tau	FLJ31424
HGNC:6893	microtubule associated protein tau	G protein beta1/gamma2 subunit-interacting factor 1
HGNC:6893	microtubule associated protein tau	microtubule-associated protein tau, isoform 4
HGNC:6893	microtubule associated protein tau	microtubule associated protein tau
HGNC:6893	microtubule associated protein tau	MTBT2
HGNC:6893	microtubule associated protein tau	MSTD
HGNC:6893	microtubule associated protein tau	PPP1R103
HGNC:6893	microtubule associated protein tau	MAPT
HGNC:6893	microtubule associated protein tau	MGC138549
HGNC:6893	microtubule associated protein tau	protein phosphatase 1, regulatory subunit 103
HGNC:6893	microtubule associated protein tau	MTBT1
HGNC:6893	microtubule associated protein tau	tau
HGNC:6893	microtubule associated protein tau	PPND
HGNC:6893	microtubule associated protein tau	FTDP-17
HGNC:6893	microtubule associated protein tau	TAU
HGNC:6915	myoglobin	myoglobin
HGNC:6915	myoglobin	PVALB
HGNC:6915	myoglobin	MB
HGNC:6943	MCL1 apoptosis regulator, BCL2 family member	MCL1
HGNC:6943	MCL1 apoptosis regulator, BCL2 family member	Mcl-1
HGNC:6943	MCL1 apoptosis regulator, BCL2 family member	BCL2L3
HGNC:6943	MCL1 apoptosis regulator, BCL2 family member	MCL1 apoptosis regulator, BCL2 family member
HGNC:6973	MDM2 proto-oncogene	MDM2
HGNC:6973	MDM2 proto-oncogene	MDM2 proto-oncogene
HGNC:6973	MDM2 proto-oncogene	MGC5370
HGNC:6973	MDM2 proto-oncogene	HDM2
HGNC:6995	myocyte enhancer factor 2B	MEF2B
HGNC:6995	myocyte enhancer factor 2B	myocyte enhancer factor 2B
HGNC:6995	myocyte enhancer factor 2B	RSRFR2
HGNC:7059	O-6-methylguanine-DNA methyltransferase	MGMT
HGNC:7059	O-6-methylguanine-DNA methyltransferase	methylated-DNA--protein-cysteine methyltransferase
HGNC:7059	O-6-methylguanine-DNA methyltransferase	O-6-methylguanine-DNA methyltransferase
HGNC:7105	melanocyte inducing transcription factor	homolog of mouse microphthalmia
HGNC:7105	melanocyte inducing transcription factor	MITF
HGNC:7105	melanocyte inducing transcription factor	MI
HGNC:7105	melanocyte inducing transcription factor	melanocyte inducing transcription factor
HGNC:7105	melanocyte inducing transcription factor	bHLHe32
HGNC:7124	melan-A	melan-A
HGNC:7124	melan-A	MART1
HGNC:7124	melan-A	MLANA
HGNC:7127	mutL homolog 1	HNPCC
HGNC:7127	mutL homolog 1	MLH1
HGNC:7127	mutL homolog 1	HNPCC2
HGNC:7127	mutL homolog 1	FCC2
HGNC:7127	mutL homolog 1	mutL homolog 1
HGNC:7218	myeloperoxidase	myeloperoxidase
HGNC:7218	myeloperoxidase	MPO
HGNC:7325	mutS homolog 2	HNPCC1
HGNC:7325	mutS homolog 2	DNA mismatch repair protein Msh2
HGNC:7325	mutS homolog 2	mutS homolog 2
HGNC:7325	mutS homolog 2	HNPCC
HGNC:7325	mutS homolog 2	MSH2
HGNC:7329	mutS homolog 6	mutS homolog 6
HGNC:7329	mutS homolog 6	MSH6
HGNC:7371	mesothelin	mesothelin
HGNC:7371	mesothelin	MSLN
HGNC:7371	mesothelin	MPF
HGNC:7371	mesothelin	CAK1
HGNC:7413	methylthioadenosine phosphorylase	S-methyl-5'-thioadenosine phosphorylase
HGNC:7413	methylthioadenosine phosphorylase	MTAP
HGNC:7413	methylthioadenosine phosphorylase	c86fus
HGNC:7413	methylthioadenosine phosphorylase	MSAP
HGNC:7413	methylthioadenosine phosphorylase	methylthioadenosine phosphorylase
HGNC:7421	mitochondrially encoded cytochrome c oxidase II	MT-CO2
HGNC:7421	mitochondrially encoded cytochrome c oxidase II	CO2
HGNC:7421	mitochondrially encoded cytochrome c oxidase II	COX2
HGNC:7421	mitochondrially encoded cytochrome c oxidase II	mitochondrially encoded cytochrome c oxidase II
HGNC:7467	microsomal triglyceride transfer protein	ABL
HGNC:7467	microsomal triglyceride transfer protein	MTTP
HGNC:7467	microsomal triglyceride transfer protein	microsomal triglyceride transfer protein
HGNC:7508	mucin 1, cell surface associated	MCD
HGNC:7508	mucin 1, cell surface associated	PEM
HGNC:7508	mucin 1, cell surface associated	ADMCKD
HGNC:7508	mucin 1, cell surface associated	mucin 1, cell surface associated
HGNC:7508	mucin 1, cell surface associated	MUC1
HGNC:7508	mucin 1, cell surface associated	CD227
HGNC:7508	mucin 1, cell surface associated	ADMCKD1
HGNC:7508	mucin 1, cell surface associated	MCKD
HGNC:7512	mucin 2, oligomeric mucus/gel-forming	mucin 2, oligomeric mucus/gel-forming
HGNC:7512	mucin 2, oligomeric mucus/gel-forming	MUC2
HGNC:7514	mucin 4, cell surface associated	MUC4
HGNC:7514	mucin 4, cell surface associated	mucin 4, cell surface associated
HGNC:7515	mucin 5AC, oligomeric mucus/gel-forming	MUC5
HGNC:7515	mucin 5AC, oligomeric mucus/gel-forming	MUC5AC
HGNC:7515	mucin 5AC, oligomeric mucus/gel-forming	mucin 5AC, oligomeric mucus/gel-forming
HGNC:7517	mucin 6, oligomeric mucus/gel-forming	mucin 6, oligomeric mucus/gel-forming
HGNC:7517	mucin 6, oligomeric mucus/gel-forming	MUC6
HGNC:7518	mucin 7, secreted	MG2
HGNC:7518	mucin 7, secreted	mucin 7, secreted
HGNC:7518	mucin 7, secreted	MUC7
HGNC:7518	mucin 7, secreted	FLJ27047
HGNC:7545	MYB proto-oncogene, transcription factor	MYB proto-oncogene, transcription factor
HGNC:7545	MYB proto-oncogene, transcription factor	c-myb
HGNC:7545	MYB proto-oncogene, transcription factor	MYB
HGNC:7553	MYC proto-oncogene, bHLH transcription factor	bHLHe39
HGNC:7553	MYC proto-oncogene, bHLH transcription factor	MYCC
HGNC:7553	MYC proto-oncogene, bHLH transcription factor	MYC
HGNC:7553	MYC proto-oncogene, bHLH transcription factor	c-Myc
HGNC:7553	MYC proto-oncogene, bHLH transcription factor	MYC proto-oncogene, bHLH transcription factor
HGNC:7559	MYCN proto-oncogene, bHLH transcription factor	bHLHe37
HGNC:7559	MYCN proto-oncogene, bHLH transcription factor	MYCN
HGNC:7559	MYCN proto-oncogene, bHLH transcription factor	MYCN proto-oncogene, bHLH transcription factor
HGNC:7559	MYCN proto-oncogene, bHLH transcription factor	MYCNOT
HGNC:7559	MYCN proto-oncogene, bHLH transcription factor	N-myc
HGNC:7611	myogenic differentiation 1	MYOD
HGNC:7611	myogenic differentiation 1	myogenic differentiation 1
HGNC:7611	myogenic differentiation 1	MYOD1
HGNC:7611	myogenic differentiation 1	PUM
HGNC:7611	myogenic differentiation 1	myoblast determination protein 1
HGNC:7611	myogenic differentiation 1	bHLHc1
HGNC:7612	myogenin	myogenin
HGNC:7612	myogenin	bHLHc3
HGNC:7612	myogenin	MYOG
HGNC:7612	myogenin	myogenic factor 4
HGNC:7900	aminopeptidase puromycin sensitive	NPEPPS
HGNC:7900	aminopeptidase puromycin sensitive	PSA
HGNC:7900	aminopeptidase puromycin sensitive	puromycin-sensitive aminopeptidase
HGNC:7900	aminopeptidase puromycin sensitive	aminopeptidase puromycin sensitive
HGNC:7900	aminopeptidase puromycin sensitive	metalloproteinase MP100
HGNC:7900	aminopeptidase puromycin sensitive	MP100
HGNC:7983	nuclear receptor subfamily 5 group A member 1	hSF-1
HGNC:7983	nuclear receptor subfamily 5 group A member 1	SF1
HGNC:7983	nuclear receptor subfamily 5 group A member 1	AD4BP
HGNC:7983	nuclear receptor subfamily 5 group A member 1	nuclear receptor subfamily 5 group A member 1
HGNC:7983	nuclear receptor subfamily 5 group A member 1	NR5A1
HGNC:7983	nuclear receptor subfamily 5 group A member 1	SF-1
HGNC:7983	nuclear receptor subfamily 5 group A member 1	steroidogenic factor 1
HGNC:7983	nuclear receptor subfamily 5 group A member 1	ELP
HGNC:7983	nuclear receptor subfamily 5 group A member 1	FTZ1
HGNC:7989	NRAS proto-oncogene, GTPase	NRAS proto-oncogene, GTPase
HGNC:7989	NRAS proto-oncogene, GTPase	NRAS
HGNC:7989	NRAS proto-oncogene, GTPase	N-ras
HGNC:8616	paired box 2	PAX2
HGNC:8616	paired box 2	paired box 2
HGNC:8617	paired box 3	HUP2
HGNC:8617	paired box 3	paired box 3
HGNC:8617	paired box 3	PAX3
HGNC:8619	paired box 5	paired box 5
HGNC:8619	paired box 5	B-cell lineage specific activator
HGNC:8619	paired box 5	PAX5
HGNC:8619	paired box 5	BSAP
HGNC:8621	paired box 7	PAX7
HGNC:8621	paired box 7	paired box 7
HGNC:8621	paired box 7	Hup1
HGNC:8622	paired box 8	paired box 8
HGNC:8622	paired box 8	PAX8
HGNC:8637	prostate cancer associated 3	non-protein coding RNA 19
HGNC:8637	prostate cancer associated 3	PRUNE2 antisense RNA 1
HGNC:8637	prostate cancer associated 3	prostate cancer associated transcript 3 (non-protein coding)
HGNC:8637	prostate cancer associated 3	PCA3
HGNC:8637	prostate cancer associated 3	PRUNE2-AS1
HGNC:8637	prostate cancer associated 3	PCAT3
HGNC:8637	prostate cancer associated 3	NCRNA00019
HGNC:8637	prostate cancer associated 3	DD3
HGNC:8637	prostate cancer associated 3	prostate cancer associated 3
HGNC:8642	solute carrier family 45 member 3	IPCA-2
HGNC:8642	solute carrier family 45 member 3	IPCA-8
HGNC:8642	solute carrier family 45 member 3	prostein
HGNC:8642	solute carrier family 45 member 3	solute carrier family 45 member 3
HGNC:8642	solute carrier family 45 member 3	IPCA-6
HGNC:8642	solute carrier family 45 member 3	SLC45A3
HGNC:8729	proliferating cell nuclear antigen	proliferating cell nuclear antigen
HGNC:8729	proliferating cell nuclear antigen	PCNA
HGNC:8760	programmed cell death 1	PDCD1
HGNC:8760	programmed cell death 1	hSLE1
HGNC:8760	programmed cell death 1	CD279
HGNC:8760	programmed cell death 1	PD1
HGNC:8760	programmed cell death 1	PD-1
HGNC:8760	programmed cell death 1	programmed cell death 1
HGNC:8769	mitochondrial ribosomal protein S30	mitochondrial ribosomal protein S30
HGNC:8769	mitochondrial ribosomal protein S30	MRPS30
HGNC:8769	mitochondrial ribosomal protein S30	PAP
HGNC:8823	platelet and endothelial cell adhesion molecule 1	CD31
HGNC:8823	platelet and endothelial cell adhesion molecule 1	CD31 antigen
HGNC:8823	platelet and endothelial cell adhesion molecule 1	PECAM1
HGNC:8823	platelet and endothelial cell adhesion molecule 1	platelet and endothelial cell adhesion molecule 1
HGNC:886	ATRX chromatin remodeler	XH2
HGNC:886	ATRX chromatin remodeler	RAD54 homolog (S. cerevisiae)
HGNC:886	ATRX chromatin remodeler	XNP
HGNC:886	ATRX chromatin remodeler	ATRX
HGNC:886	ATRX chromatin remodeler	ATRX chromatin remodeler
HGNC:8919	PHD finger protein 1	tudor domain containing 19C
HGNC:8919	PHD finger protein 1	polycomb-like 1
HGNC:8919	PHD finger protein 1	PCL1
HGNC:8919	PHD finger protein 1	PHF1
HGNC:8919	PHD finger protein 1	MTF2L2
HGNC:8919	PHD finger protein 1	PHD finger protein 1
HGNC:8919	PHD finger protein 1	TDRD19C
HGNC:8941	serpin family A member 1	protease inhibitor 1 (anti-elastase), alpha-1-antitrypsin
HGNC:8941	serpin family A member 1	AAT
HGNC:8941	serpin family A member 1	PI1
HGNC:8941	serpin family A member 1	serpin family A member 1
HGNC:8941	serpin family A member 1	A1A
HGNC:8941	serpin family A member 1	alpha-1-antitrypsin
HGNC:8941	serpin family A member 1	A1AT
HGNC:8941	serpin family A member 1	alpha1AT
HGNC:8941	serpin family A member 1	SERPINA1
HGNC:8949	serpin family B member 5	maspin
HGNC:8949	serpin family B member 5	serpin family B member 5
HGNC:8949	serpin family B member 5	protease inhibitor 5 (maspin)
HGNC:8949	serpin family B member 5	SERPINB5
HGNC:8975	phosphatidylinositol-4,5-bisphosphate 3-kinase catalytic subunit alpha	phosphatidylinositol-4,5-bisphosphate 3-kinase catalytic subunit alpha
HGNC:8975	phosphatidylinositol-4,5-bisphosphate 3-kinase catalytic subunit alpha	PIK3CA
HGNC:8975	phosphatidylinositol-4,5-bisphosphate 3-kinase catalytic subunit alpha	PI3K
HGNC:8993	prolactin induced protein	PIP
HGNC:8993	prolactin induced protein	GCDFP-15
HGNC:8993	prolactin induced protein	GCDFP15
HGNC:8993	prolactin induced protein	prolactin-inducible protein
HGNC:8993	prolactin induced protein	GPIP4
HGNC:8993	prolactin induced protein	prolactin induced protein
HGNC:9043	phospholipase A2 activating protein	PLAA
HGNC:9043	phospholipase A2 activating protein	phospholipase A2 activating protein
HGNC:9043	phospholipase A2 activating protein	FLJ12699
HGNC:9043	phospholipase A2 activating protein	FLJ11281
HGNC:9043	phospholipase A2 activating protein	PLA2P
HGNC:9043	phospholipase A2 activating protein	PLAP
HGNC:9043	phospholipase A2 activating protein	DOA1
HGNC:9043	phospholipase A2 activating protein	DOA1 homolog (S. cerevisiae)
HGNC:9045	PLAG1 zinc finger	PLAG1 zinc finger
HGNC:9045	PLAG1 zinc finger	ZNF912
HGNC:9045	PLAG1 zinc finger	PLAG1
HGNC:9122	PMS1 homolog 2, mismatch repair system component	HNPCC4
HGNC:9122	PMS1 homolog 2, mismatch repair system component	MLH4
HGNC:9122	PMS1 homolog 2, mismatch repair system component	H_DJ0042M02.9
HGNC:9122	PMS1 homolog 2, mismatch repair system component	PMS2
HGNC:9122	PMS1 homolog 2, mismatch repair system component	PMS1 homolog 2, mismatch repair system component
HGNC:914	beta-2-microglobulin	B2M
HGNC:914	beta-2-microglobulin	beta-2-microglobulin
HGNC:9143	paired like homeobox 2B	paired like homeobox 2B
HGNC:9143	paired like homeobox 2B	PHOX2B
HGNC:9143	paired like homeobox 2B	NBPhox
HGNC:9201	proopiomelanocortin	POC
HGNC:9201	proopiomelanocortin	CLIP
HGNC:9201	proopiomelanocortin	ACTH
HGNC:9201	proopiomelanocortin	NPP
HGNC:9201	proopiomelanocortin	LPH
HGNC:9201	proopiomelanocortin	alpha-melanocyte stimulating hormone
HGNC:9201	proopiomelanocortin	beta-melanocyte stimulating hormone
HGNC:9201	proopiomelanocortin	proopiomelanocortin
HGNC:9201	proopiomelanocortin	beta-endorphin
HGNC:9201	proopiomelanocortin	MSH
HGNC:9201	proopiomelanocortin	beta-lipotropin
HGNC:9201	proopiomelanocortin	opiomelanocortin prepropeptide
HGNC:9201	proopiomelanocortin	adrenocorticotropin
HGNC:9201	proopiomelanocortin	POMC
HGNC:9201	proopiomelanocortin	adrenocorticotropic hormone
HGNC:9211	POU class 2 homeobox associating factor 1	POU2AF1
HGNC:9211	POU class 2 homeobox associating factor 1	BOB1
HGNC:9211	POU class 2 homeobox associating factor 1	POU class 2 homeobox associating factor 1
HGNC:9211	POU class 2 homeobox associating factor 1	OBF1
HGNC:9213	POU class 2 homeobox 2	POU2F2
HGNC:9213	POU class 2 homeobox 2	OCT2
HGNC:9213	POU class 2 homeobox 2	octamer-binding transcription factor 2
HGNC:9213	POU class 2 homeobox 2	POU class 2 homeobox 2
HGNC:9327	pancreatic polypeptide	pancreatic polypeptide
HGNC:9327	pancreatic polypeptide	pancreatic polypeptide Y
HGNC:9327	pancreatic polypeptide	prepro-PP (prepropancreatic polypeptide)
HGNC:9327	pancreatic polypeptide	PPY
HGNC:9327	pancreatic polypeptide	PNP
HGNC:9361	serglycin	SRGN
HGNC:9361	serglycin	serglycin
HGNC:9361	serglycin	PPG
HGNC:9361	serglycin	serglycin proteoglycan
HGNC:9388	protein kinase cAMP-dependent type I regulatory subunit alpha	Carney complex type 1
HGNC:9388	protein kinase cAMP-dependent type I regulatory subunit alpha	CNC1
HGNC:9388	protein kinase cAMP-dependent type I regulatory subunit alpha	protein kinase cAMP-dependent type I regulatory subunit alpha
HGNC:9388	protein kinase cAMP-dependent type I regulatory subunit alpha	PRKAR1A
HGNC:9398	oligodendrocyte transcription factor 2	human protein kinase C-binding protein RACK17
HGNC:9398	oligodendrocyte transcription factor 2	RACK17
HGNC:9398	oligodendrocyte transcription factor 2	OLIG2
HGNC:9398	oligodendrocyte transcription factor 2	bHLHe19
HGNC:9398	oligodendrocyte transcription factor 2	oligodendrocyte transcription factor 2
HGNC:9398	oligodendrocyte transcription factor 2	basic domain, helix-loop-helix protein, class B, 1
HGNC:9398	oligodendrocyte transcription factor 2	oligodendrocyte-specific bHLH transcription factor 2
HGNC:9398	oligodendrocyte transcription factor 2	protein kinase C binding protein 2
HGNC:9398	oligodendrocyte transcription factor 2	OLIGO2
HGNC:9445	prolactin	PRL
HGNC:9445	prolactin	prolactin
HGNC:9459	prospero homeobox 1	PROX1
HGNC:9459	prospero homeobox 1	prospero homeobox 1
HGNC:946	membrane associated guanylate kinase, WW and PDZ domain containing 1	MAGI1
HGNC:946	membrane associated guanylate kinase, WW and PDZ domain containing 1	TNRC19
HGNC:946	membrane associated guanylate kinase, WW and PDZ domain containing 1	MAGI-1
HGNC:946	membrane associated guanylate kinase, WW and PDZ domain containing 1	BAP1
HGNC:946	membrane associated guanylate kinase, WW and PDZ domain containing 1	WWP3
HGNC:946	membrane associated guanylate kinase, WW and PDZ domain containing 1	AIP3
HGNC:946	membrane associated guanylate kinase, WW and PDZ domain containing 1	membrane associated guanylate kinase, WW and PDZ domain containing 1
HGNC:9498	prosaposin	prosaposin
HGNC:9498	prosaposin	PSAP
HGNC:9498	prosaposin	saposin-D
HGNC:9498	prosaposin	saposin-C
HGNC:9498	prosaposin	saposin-B
HGNC:9498	prosaposin	saposin-A
HGNC:9498	prosaposin	variant Gaucher disease and variant metachromatic leukodystrophy
HGNC:950	BRCA1 associated protein 1	KIAA0272
HGNC:950	BRCA1 associated protein 1	ubiquitin carboxy-terminal hydrolase
HGNC:950	BRCA1 associated protein 1	BAP1
HGNC:950	BRCA1 associated protein 1	hucep-6
HGNC:950	BRCA1 associated protein 1	BRCA1 associated protein 1
HGNC:950	BRCA1 associated protein 1	UCHL2
HGNC:9519	pregnancy specific beta-1-glycoprotein 2	PSG2
HGNC:9519	pregnancy specific beta-1-glycoprotein 2	pregnancy specific beta-1-glycoprotein 2
HGNC:9519	pregnancy specific beta-1-glycoprotein 2	CEA
HGNC:9519	pregnancy specific beta-1-glycoprotein 2	PSG1
HGNC:9519	pregnancy specific beta-1-glycoprotein 2	PSGGB
HGNC:9519	pregnancy specific beta-1-glycoprotein 2	pregnancy-specific beta-1-glycoprotein 7
HGNC:9519	pregnancy specific beta-1-glycoprotein 2	carcinoembryonic antigen SG8
HGNC:9519	pregnancy specific beta-1-glycoprotein 2	pregnancy-specific beta-1 glycoprotein
HGNC:9565	proteasome 26S subunit, non-ATPase 7	Mov34 homolog
HGNC:9565	proteasome 26S subunit, non-ATPase 7	S12
HGNC:9565	proteasome 26S subunit, non-ATPase 7	P40
HGNC:9565	proteasome 26S subunit, non-ATPase 7	MOV34
HGNC:9565	proteasome 26S subunit, non-ATPase 7	Rpn8
HGNC:9565	proteasome 26S subunit, non-ATPase 7	proteasome 26S subunit, non-ATPase 7
HGNC:9565	proteasome 26S subunit, non-ATPase 7	PSMD7
HGNC:9567	proteasome 26S subunit, non-ATPase 9	PSMD9
HGNC:9567	proteasome 26S subunit, non-ATPase 9	Rpn4
HGNC:9567	proteasome 26S subunit, non-ATPase 9	p27
HGNC:9567	proteasome 26S subunit, non-ATPase 9	proteasome 26S subunit, non-ATPase 9
HGNC:9588	phosphatase and tensin homolog	MMAC1
HGNC:9588	phosphatase and tensin homolog	phosphatase and tensin homolog
HGNC:9588	phosphatase and tensin homolog	PTEN1
HGNC:9588	phosphatase and tensin homolog	PTEN
HGNC:9588	phosphatase and tensin homolog	TEP1
HGNC:9588	phosphatase and tensin homolog	mutated in multiple advanced cancers 1
HGNC:9605	prostaglandin-endoperoxide synthase 2	COX2
HGNC:9605	prostaglandin-endoperoxide synthase 2	prostaglandin-endoperoxide synthase 2
HGNC:9605	prostaglandin-endoperoxide synthase 2	prostaglandin G/H synthase 2
HGNC:9605	prostaglandin-endoperoxide synthase 2	cyclooxygenase 2
HGNC:9605	prostaglandin-endoperoxide synthase 2	PTGS2
HGNC:9606	parathyroid hormone	parathormone
HGNC:9606	parathyroid hormone	parathyroid hormone 1
HGNC:9606	parathyroid hormone	preproparathyroid hormone
HGNC:9606	parathyroid hormone	prepro-PTH
HGNC:9606	parathyroid hormone	PTH
HGNC:9606	parathyroid hormone	parathyroid hormone
HGNC:9606	parathyroid hormone	PTH1
HGNC:9606	parathyroid hormone	parathyrin
HGNC:9884	RB transcriptional corepressor 1	RB transcriptional corepressor 1
HGNC:9884	RB transcriptional corepressor 1	PPP1R130
HGNC:9884	RB transcriptional corepressor 1	RB
HGNC:9884	RB transcriptional corepressor 1	RB1
HGNC:9884	RB transcriptional corepressor 1	prepro-retinoblastoma-associated protein
HGNC:9884	RB transcriptional corepressor 1	protein phosphatase 1, regulatory subunit 130
HGNC:989	BCL10 immune signaling adaptor	BCL10
HGNC:989	BCL10 immune signaling adaptor	c-E10
HGNC:989	BCL10 immune signaling adaptor	CARD-like apoptotic protein
HGNC:989	BCL10 immune signaling adaptor	CARD-containing apoptotic signaling protein
HGNC:989	BCL10 immune signaling adaptor	CARD containing molecule enhancing NF-kB
HGNC:989	BCL10 immune signaling adaptor	caspase-recruiting domain-containing protein
HGNC:989	BCL10 immune signaling adaptor	CLAP
HGNC:989	BCL10 immune signaling adaptor	CARD-containing proapoptotic protein
HGNC:989	BCL10 immune signaling adaptor	BCL10 immune signaling adaptor
HGNC:989	BCL10 immune signaling adaptor	CARMEN
HGNC:989	BCL10 immune signaling adaptor	CIPER
HGNC:989	BCL10 immune signaling adaptor	mE10
HGNC:990	BCL2 apoptosis regulator	protein phosphatase 1, regulatory subunit 50
HGNC:990	BCL2 apoptosis regulator	Bcl-2
HGNC:990	BCL2 apoptosis regulator	PPP1R50
HGNC:990	BCL2 apoptosis regulator	BCL2
HGNC:990	BCL2 apoptosis regulator	BCL2 apoptosis regulator
HGNC:9958	renin	REN
HGNC:9958	renin	renin
